celebrity_name,ballroom_partner,Celebrity_Average_Popularity_Score,ballroom_partner_Average_Popularity_Score,celebrity_homecountry/region,celebrity_age_during_season,season,results,placement,week1_judge1_score,week1_judge2_score,week1_judge3_score,week1_judge4_score,week2_judge1_score,week2_judge2_score,week2_judge3_score,week2_judge4_score,week3_judge1_score,week3_judge2_score,week3_judge3_score,week3_judge4_score,week4_judge1_score,week4_judge2_score,week4_judge3_score,week4_judge4_score,week5_judge1_score,week5_judge2_score,week5_judge3_score,week5_judge4_score,week6_judge1_score,week6_judge2_score,week6_judge3_score,week6_judge4_score,week7_judge1_score,week7_judge2_score,week7_judge3_score,week7_judge4_score,week8_judge1_score,week8_judge2_score,week8_judge3_score,week8_judge4_score,week9_judge1_score,week9_judge2_score,week9_judge3_score,week9_judge4_score,week10_judge1_score,week10_judge2_score,week10_judge3_score,week10_judge4_score,week11_judge1_score,week11_judge2_score,week11_judge3_score,week11_judge4_score
John O'Hurley,Charlotte Jorgensen,0,0,United States,50,1,2nd Place,2,7,7,6,,8,9,9,,9,8,7,,7,8,6,,9,9,9,,9,9,9,,,,,,,,,,,,,,,,,,,,,
Kelly Monaco,Alec Mazo,20.833333333333332,0,United States,29,1,1st Place,1,5,4,4,,5,6,6,,6,7,8,,9,9,8,,8.5,7.5,7.5,,8.5,9.5,9.5,,,,,,,,,,,,,,,,,,,,,
Evander Holyfield,Edyta Sliwinska,2.7777777777777777,0,United States,42,1,Eliminated Week 3,5,5,7,6,,5,4,5,,5,4,4,,0,0,0,,0,0,0,,0,0,0,,,,,,,,,,,,,,,,,,,,,
Rachel Hunter,Jonathan Roberts,24.75,0,New Zealand,35,1,Eliminated Week 4,4,7,6,7,,8,8,8,,8,9,9,,7,9,9,,0,0,0,,0,0,0,,,,,,,,,,,,,,,,,,,,,
Joey McIntyre,Ashly DelGrosso,7.25,2.7777777777777777,United States,32,1,3rd Place,3,7,7,6,,8,7,6,,7,7,8,,7,6,7,,8.5,7,7,,0,0,0,,,,,,,,,,,,,,,,,,,,,
Trista Sutter,Louis van Amstel,2.7777777777777777,0,United States,32,1,Eliminated Week 2,6,6,6,6,,6,7,6,,0,0,0,,0,0,0,,0,0,0,,0,0,0,,,,,,,,,,,,,,,,,,,,,
Tatum O'Neal,Nick Kosovich,0,1.8867924528301887,United States,42,2,Eliminated Week 2,9,7,8,8,,5,6,6,,0,0,0,,0,0,0,,0,0,0,,0,0,0,,0,0,0,,0,0,0,,,,,,,,,,,,,
Tia Carrere,Maksim Chmerkoskiy,16.71698113207547,0,United States,39,2,Eliminated Week 5,6,6,7,7,,7,8,7,,9,8,9,,9,8,8,,7,7,8,,0,0,0,,0,0,0,,0,0,0,,,,,,,,,,,,,
George Hamilton,Edyta Sliwinska,10.716981132075471,5.490566037735849,United States,66,2,Eliminated Week 6,5,7,5,6,,8,7,7,,7,7,8,,7,7,7,,8,8,8,,8,7,8,,0,0,0,,0,0,0,,,,,,,,,,,,,
Lisa Rinna,Louis van Amstel,28.32075471698113,0,United States,42,2,Eliminated Week 7,4,5,7,7,,6,7,7,,8,8,9,,9,9,8,,7,9,9,,9,9,9,,8.5,9,9,,0,0,0,,,,,,,,,,,,,
Stacy Keibler,Tony Dovolani,38.943396226415096,1.8867924528301887,United States,26,2,3rd Place,3,8,6,8,,9,10,10,,9,9,9,,8,9,9,,10,10,10,,10,10,10,,9,9,9.5,,9.3333,9.6666,9.6666,,,,,,,,,,,,,
Jerry Rice,Anna Trebunskaya,27.037735849056602,1.8867924528301887,United States,43,2,2nd Place,2,7,7,7,,7,8,8,,7,6,6,,8,8,8,,7,8,8,,8,7,8,,7,7,6.5,,9,9,8.6666,,,,,,,,,,,,,
Giselle Fernandez,Jonathan Roberts,7.169811320754717,0,Mexico,44,2,Eliminated Week 3,8,7,8,8,,8,8,8,,7,8,7,,0,0,0,,0,0,0,,0,0,0,,0,0,0,,0,0,0,,,,,,,,,,,,,
Master P,Ashly DelGrosso,15.075471698113208,6.056603773584905,United States,35,2,Eliminated Week 4,7,4,4,4,,6,5,5,,6,4,4,,4,2,2,,0,0,0,,0,0,0,,0,0,0,,0,0,0,,,,,,,,,,,,,
Drew Lachey,Cheryl Burke,9.547169811320755,5.490566037735849,United States,29,2,1st Place,1,8,8,8,,9,9,9,,9,9,9,,9,9,10,,9,9,9,,10,10,10,,9.5,9,9,,9.6666,9.6666,9.6666,,,,,,,,,,,,,
Kenny Mayne,Andrea Hale,4.509433962264151,1.8867924528301887,United States,46,2,Eliminated Week 1,10,4,5,4,,0,0,0,,0,0,0,,0,0,0,,0,0,0,,0,0,0,,0,0,0,,0,0,0,,,,,,,,,,,,,
Harry Hamlin,Ashly DelGrosso,6.769230769230769,2.7777777777777777,United States,54,3,Eliminated Week 3,9,5,6,6,,7,7,7,,7,8,7,,0,0,0,,0,0,0,,0,0,0,,0,0,0,,0,0,0,,0,0,0,,0,0,0,,,,,
Vivica A. Fox,Nick Kosovich,1.5384615384615385,1.8867924528301887,United States,42,3,Eliminated Week 4,8,6,8,8,,8,8,8,,9,9,9,,8,8,8,,0,0,0,,0,0,0,,0,0,0,,0,0,0,,0,0,0,,0,0,0,,,,,
Monique Coleman,Louis van Amstel,9.446153846153846,0,United States,25,3,Eliminated Week 8,4,6,6,7,,9,8,9,,9,9,9,,8,8,8,,9,9,9,,9,7,7,,9,9,9,,8.5,9,9,,0,0,0,,0,0,0,,,,,
Joey Lawrence,Edyta Sliwinska,0,0,United States,30,3,3rd Place,3,7,7,7,,10,9,10,,8,6,8,,9,9,9,,8,8,9,,8,8,8,,9.5,9,10,,9.5,8.5,9,,9.5,10,10,,0,0,0,,,,,
Mario Lopez,Karina Smirnoff,4.907692307692308,4.907692307692308,United States,32,3,2nd Place,2,9,8,9,,7,6,8,,8,6,8,,10,9,10,,9,9,9,,9,9,10,,9.5,9,9.5,,9.5,9,10,,10,9.5,10,,10,10,9.6666,,,,,
Emmitt Smith,Cheryl Burke,5.490566037735849,5.490566037735849,United States,37,3,1st Place,1,8,8,8,,8,8,8,,7,6,6,,8,8,8,,9,9,9,,8,8,9,,10,9.5,9,,8.5,9,9.5,,9.5,10,10,,10,9.6666,10,,,,,
Shanna Moakler,Jesse DeSoto,0,0,United States,31,3,Eliminated Week 2,10,7,5,6,,8,7,7,,0,0,0,,0,0,0,,0,0,0,,0,0,0,,0,0,0,,0,0,0,,0,0,0,,0,0,0,,,,,
Willa Ford,Maksim Chmerkoskiy,0,0,United States,25,3,Eliminated Week 5,7,7,7,8,,7,8,8,,7,7,8,,9,9,10,,9,9,9,,0,0,0,,0,0,0,,0,0,0,,0,0,0,,0,0,0,,,,,
Sara Evans,Tony Dovolani,1.8867924528301887,1.8867924528301887,United States,35,3,Withdrew (Eliminated Week 5),6,5,5,5,,7,7,7,,8,9,8,,6,7,7,,8,8,8,,0,0,0,,0,0,0,,0,0,0,,0,0,0,,0,0,0,,,,,
Jerry Springer,Kym Johnson,6.723076923076923,6.723076923076923,England,62,3,Eliminated Week 7,5,5,5,6,,7,6,6,,7,7,7,,7,7,8,,8,8,8,,7,6,5,,7.5,8,7.5,,0,0,0,,0,0,0,,0,0,0,,,,,
Tucker Carlson,Elena Grinenko,0,0,United States,37,3,Eliminated Week 1,11,5,4,3,,0,0,0,,0,0,0,,0,0,0,,0,0,0,,0,0,0,,0,0,0,,0,0,0,,0,0,0,,0,0,0,,,,,
John Ratzenberger,Edyta Sliwinska,0,0,United States,59,4,Eliminated Week 7,6,6,5,6,,7,7,7,,7,6,7,,6,5,5,,6,6,6,,7,6,6,,7.5,7.5,7.5,,0,0,0,,0,0,0,,0,0,0,,,,,
Ian Ziering,Cheryl Burke,5.490566037735849,5.490566037735849,United States,42,4,Eliminated Week 9,4,7,7,7,,7,8,7,,8,8,8,,7,9,8,,8,8,8,,8,8,8,,9,9,9,,8,7.5,8,,9.5,10,9.5,,0,0,0,,,,,
Clyde Drexler,Elena Grinenko,0,0,United States,44,4,Eliminated Week 5,8,6,5,5,,6,6,6,,6,5,5,,6,4,5,,4,5,4,,0,0,0,,0,0,0,,0,0,0,,0,0,0,,0,0,0,,,,,
Laila Ali,Maksim Chmerkoskiy,0,0,United States,29,4,3rd Place,3,7,8,8,,9,9,9,,7,7,7,,7,7,7,,9,10,9,,9,9,10,,10,9.5,10,,9,8.5,9,,10,10,10,,9.6666,9,9.6666,,,,,
Apolo Anton Ohno,Julianne Hough,14.6,14.6,United States,24,4,1st Place,1,7,7,7,,8,9,9,,7,8,8,,9,8,9,,10,10,10,,9,9,10,,9,8.5,9.5,,10,9,10,,10,9.5,10,,9.6666,9.6666,10,,,,,
Shandi Finnessey,Brian Fortuna,4.2615384615384615,4.2615384615384615,United States,28,4,Eliminated Week 3,10,6,6,7,,6,7,7,,7,7,7,,0,0,0,,0,0,0,,0,0,0,,0,0,0,,0,0,0,,0,0,0,,0,0,0,,,,,
Paulina Porizkova,Alec Mazo,0,0,Czechoslovakia,41,4,Eliminated Week 2,11,6,6,7,,7,7,7,,0,0,0,,0,0,0,,0,0,0,,0,0,0,,0,0,0,,0,0,0,,0,0,0,,0,0,0,,,,,
Heather Mills,Jonathan Roberts,0,0,England,39,4,Eliminated Week 6,7,6,6,6,,8,8,8,,8,8,8,,7,8,8,,7,7,7,,7,8,8,,0,0,0,,0,0,0,,0,0,0,,0,0,0,,,,,
Billy Ray Cyrus,Karina Smirnoff,4.907692307692308,4.907692307692308,United States,45,4,Eliminated Week 8,5,5,4,4,,7,7,7,,7,7,7,,7,7,7,,6,6,5,,7,7,7,,6,6.5,6.5,,6.5,6.5,6,,0,0,0,,0,0,0,,,,,
Joey Fatone,Kym Johnson,6.723076923076923,6.723076923076923,United States,30,4,2nd Place,2,8,8,8,,8,8,8,,8,8,8,,10,9,9,,8,8,9,,9,9,9,,10,9.5,10,,9.5,9,9,,10,10,10,,9.6666,9.3333,9.6666,,,,,
Leeza Gibbons,Tony Dovolani,1.8867924528301887,1.8867924528301887,United States,50,4,Eliminated Week 4,9,5,5,5,,7,7,7,,8,8,8,,6,5,5,,0,0,0,,0,0,0,,0,0,0,,0,0,0,,0,0,0,,0,0,0,,,,,
Cameron Mathison,Edyta Sliwinska,0,0,Canada,38,5,Eliminated Week 8,5,7,7,7,,7,7,7,,8,7,8,,9,9,9,,8,9,9,,9,8,8,,8.5,8.5,8.5,,8.5,8.5,8.5,,0,0,0,,0,0,0,,,,,
Jane Seymour,Tony Dovolani,1.8867924528301887,1.8867924528301887,England,56,5,Eliminated Week 7,6,8,8,8,,7,7,7,,9,9,9,,8,9,9,,8,9,9,,8,7,7,,8,8.5,8.5,,0,0,0,,0,0,0,,0,0,0,,,,,
Sabrina Bryan,Mark Ballas,10.661538461538461,10.661538461538461,United States,23,5,Eliminated Week 6,7,9,8,9,,9,8,9,,9,9,9,,10,10,10,,9,9,10,,9,8,8,,0,0,0,,0,0,0,,0,0,0,,0,0,0,,,,,
Jennie Garth,Derek Hough,13.261538461538462,13.261538461538462,United States,35,5,Eliminated Week 9,4,7,7,7,,7,7,7,,9,8,9,,8,10,9,,8,9,8,,9,9,9,,8.5,8.5,9.5,,8.5,8.5,8,,9.5,10,9.5,,0,0,0,,,,,
Floyd Mayweather Jr. ,Karina Smirnoff,4.907692307692308,4.907692307692308,United States,30,5,Eliminated Week 4,9,6,6,6,,7,7,7,,7,7,7,,7,8,8,,0,0,0,,0,0,0,,0,0,0,,0,0,0,,0,0,0,,0,0,0,,,,,
Josie Maran,Alec Mazo,0,0,United States,29,5,Eliminated Week 1,12,6,5,5,,0,0,0,,0,0,0,,0,0,0,,0,0,0,,0,0,0,,0,0,0,,0,0,0,,0,0,0,,0,0,0,,,,,
Albert Reed,Anna Trebunskaya,1.8867924528301887,1.8867924528301887,United States,22,5,Eliminated Week 2,11,7,7,7,,7,7,7,,0,0,0,,0,0,0,,0,0,0,,0,0,0,,0,0,0,,0,0,0,,0,0,0,,0,0,0,,,,,
Helio Castroneves,Julianne Hough,14.6,14.6,Brazil,32,5,1st Place,1,8,9,8,,9,9,9,,8,8,8,,9,9,9,,8,7,8,,9,10,9,,9,8.5,8.5,,9.5,9.5,9.5,,10,10,10,,9,9.3333,9.6666,,,,,
Mel B,Maksim Chmerkoskiy,0,0,England,32,5,2nd Place,2,8,8,8,,7,8,8,,9,9,9,,8,9,9,,10,9,10,,10,10,10,,9,9,9,,9,9.5,9.5,,10,10,10,,9.3333,9.3333,9.6666,,,,,
Wayne Newton,Cheryl Burke,5.490566037735849,5.490566037735849,United States,65,5,Eliminated Week 3,10,6,7,6,,5,5,5,,6,6,6,,0,0,0,,0,0,0,,0,0,0,,0,0,0,,0,0,0,,0,0,0,,0,0,0,,,,,
Marie Osmond,Jonathan Roberts,0,0,United States,47,5,3rd Place,3,7,7,7,,8,8,8,,9,8,9,,9,9,8,,7,7,7,,8,8,7,,9,8.5,8.5,,8,8.5,8,,9.5,9.5,9,,8,7.5,7.5,,,,,
Mark Cuban,Kym Johnson,6.723076923076923,6.723076923076923,United States,49,5,Eliminated Week 5,8,7,7,7,,6,6,6,,6,7,7,,7,8,7,,7,7,7,,0,0,0,,0,0,0,,0,0,0,,0,0,0,,0,0,0,,,,,
Cristian de la Fuente,Cheryl Burke,5.490566037735849,5.490566037735849,Chile,34,6,3rd Place,3,7,7,7,,7,6,7,,8,8,9,,9,8,9,,7,8,8,,9,9,9,,7.5,7.5,8,,10,9,9.5,,9.5,9,9.5,,9,8,9,,,,,
Steve Guttenberg,Anna Trebunskaya,1.8867924528301887,1.8867924528301887,United States,49,6,Eliminated Week 3,10,6,6,6,,6,5,5,,7,7,7,,0,0,0,,0,0,0,,0,0,0,,0,0,0,,0,0,0,,0,0,0,,0,0,0,,,,,
Priscilla Presley,Louis van Amstel,0,0,United States,62,6,Eliminated Week 5,8,8,8,8,,7,7,7,,8,9,9,,7,7,8,,7,7,7,,0,0,0,,0,0,0,,0,0,0,,0,0,0,,0,0,0,,,,,
Marlee Matlin,Fabian Sanchez,2.953846153846154,2.953846153846154,United States,42,6,Eliminated Week 6,7,7,7,8,,8,8,8,,7,7,7,,8,8,8,,7,7,8,,7,7,7,,0,0,0,,0,0,0,,0,0,0,,0,0,0,,,,,
Shannon Elizabeth,Derek Hough,13.261538461538462,13.261538461538462,United States,34,6,Eliminated Week 7,6,7,7,7,,8,8,8,,8,8,8,,9,10,9,,8,8,7,,8,8,8,,8.5,8.5,8.5,,0,0,0,,0,0,0,,0,0,0,,,,,
Marissa Jaret Winokur,Tony Dovolani,1.8867924528301887,1.8867924528301887,United States,35,6,Eliminated Week 9,4,6,6,6,,7,7,7,,6,7,6,,8,8,8,,8,8,8,,9,8,9,,9,8.5,8.5,,8.5,8,8.5,,8.5,9,8.5,,0,0,0,,,,,
Jason Taylor,Edyta Sliwinska,0,0,United States,33,6,2nd Place,2,7,8,7,,9,9,9,,8,7,8,,10,9,10,,9,9,9,,8,8,8,,9.5,8.5,9.5,,9,8,9,,9,9.5,9,,9.5,9.5,9.5,,,,,
Kristi Yamaguchi,Mark Ballas,10.661538461538461,10.661538461538461,United States,36,6,1st Place,1,9,9,9,,9,9,9,,9,9,9,,10,9,10,,9,10,10,,10,10,10,,9.5,8,9.5,,8.5,9.5,9.5,,9.5,9,10,,10,10,10,,,,,
Monica Seles,Jonathan Roberts,0,0,Yugoslavia,34,6,Eliminated Week 2,11,5,5,5,,5,5,5,,0,0,0,,0,0,0,,0,0,0,,0,0,0,,0,0,0,,0,0,0,,0,0,0,,0,0,0,,,,,
Penn Jillette,Kym Johnson,6.723076923076923,6.723076923076923,United States,53,6,Eliminated Week 2,12,5,6,5,,6,6,5,,0,0,0,,0,0,0,,0,0,0,,0,0,0,,0,0,0,,0,0,0,,0,0,0,,0,0,0,,,,,
Adam Carolla,Julianne Hough,14.6,14.6,United States,43,6,Eliminated Week 4,9,5,5,5,,6,7,6,,7,7,7,,6,7,6,,0,0,0,,0,0,0,,0,0,0,,0,0,0,,0,0,0,,0,0,0,,,,,
Mario,Karina Smirnoff,4.907692307692308,4.907692307692308,United States,21,6,Eliminated Week 8,5,8,8,8,,9,8,9,,7,6,8,,8,7,9,,9,9,9,,9,9,10,,8.5,8.5,8.5,,9,8.5,9,,0,0,0,,0,0,0,,,,,
Ted McGinley,Inna Brayer,3.6615384615384614,3.6615384615384614,United States,50,7,Eliminated Week 1,12,6,6,6.5,,0,0,0,,0,0,0,,0,0,0,,0,0,0,,0,0,0,,0,0,0,,0,0,0,,0,0,0,,0,0,0,,,,,
Cloris Leachman,Corky Ballas,13.246153846153845,13.246153846153845,United States,82,7,Eliminated Week 6,7,6,5,5,,5,5,5,,6,5,5,,8,7,7,,7,7,7,,5,5,5,,0,0,0,,0,0,0,,0,0,0,,0,0,0,,,,,
Susan Lucci,Tony Dovolani,1.8867924528301887,1.8867924528301887,United States,61,7,Eliminated Week 7,6,6,6,6.5,,7,7,7,,7,7,7,,8,8,8,,7,7,8,,8,8,7,,8,8,8,,0,0,0,,0,0,0,,0,0,0,,,,,
Cody Linley,Julianne Hough,14.6,14.6,United States,18,7,Eliminated Week 9,4,7,6.5,7,,7,7,7,,7,7,7,,7,8,8,,10,9,9,,8,8,7,,8,7,7,,8,8,8,,8,7.5,7.5,,0,0,0,,,,,
Misty May-Treanor,Maksim Chmerkoskiy,0,0,United States,31,7,Withdrew (Eliminated Week 2),10,6.5,7.5,7,,7,7,7,,0,0,0,,0,0,0,,0,0,0,,0,0,0,,0,0,0,,0,0,0,,0,0,0,,0,0,0,,,,,
Maurice Greene,Cheryl Burke,5.490566037735849,5.490566037735849,United States,34,7,Eliminated Week 8,5,6.5,6.5,6.5,,7,6,6,,8,8,8,,6,7,7,,9,9,9,,7,7,7,,8,9,8,,8,8,8,,0,0,0,,0,0,0,,,,,
Warren Sapp,Kym Johnson,6.723076923076923,6.723076923076923,United States,35,7,2nd Place,2,7,7,7.5,,8,8,8,,9,8,8,,8,7,7,,8,8,9,,8,9,8,,7,7,7,,9.5,8.5,9,,8.5,8,8,,9,9.5,9,,,,,
Jeffrey Ross,Edyta Sliwinska,0,0,United States,43,7,Eliminated Week 1,13,4,4,4,,0,0,0,,0,0,0,,0,0,0,,0,0,0,,0,0,0,,0,0,0,,0,0,0,,0,0,0,,0,0,0,,,,,
Toni Braxton,Alec Mazo,0,0,United States,40,7,Eliminated Week 5,8,7.5,7,8,,7,8,8,,8,7,7,,7,7,8,,7,7,8,,0,0,0,,0,0,0,,0,0,0,,0,0,0,,0,0,0,,,,,
Lance Bass,Lacey Schwimmer,21.153846153846153,21.153846153846153,United States,29,7,3rd Place,3,7.5,6,8,,7,6,7,,8,7,7,,9,8,9,,7,7,7,,9,9,9,,9,7,9,,8.5,7.5,9,,10,9,9.5,,9,9,9.5,,,,,
Kim Kardashian,Mark Ballas,10.661538461538461,10.661538461538461,United States,27,7,Eliminated Week 2,11,6,6.5,6,,6,6,5,,0,0,0,,0,0,0,,0,0,0,,0,0,0,,0,0,0,,0,0,0,,0,0,0,,0,0,0,,,,,
Rocco DiSpirito,Karina Smirnoff,4.907692307692308,4.907692307692308,United States,41,7,Eliminated Week 4,9,6,5.5,6,,5,6,5,,7,7,6,,6,6,6,,0,0,0,,0,0,0,,0,0,0,,0,0,0,,0,0,0,,0,0,0,,,,,
Brooke Burke,Derek Hough,13.261538461538462,13.261538461538462,United States,37,7,1st Place,1,8,8,8.5,,8,8,8,,9,10,9,,9,8,9,,10,9,10,,8,10,8,,10,10,10,,9.5,8.5,9.5,,8,8.5,8,,10,10,10,,,,,
Gilles Marini,Cheryl Burke,5.490566037735849,5.490566037735849,France,33,8,2nd Place,2,8,8,8,,9,9,9,,9,9,9,,10,10,10,,10,9,10,,9,8,9,,9,9,9,,9,9,9.5,,9.5,9,9.5,,10,10,10,,9.5,10,9.5,
Denise Richards,Maksim Chmerkoskiy,0,0,United States,38,8,Eliminated Week 3,12,6,6,6,,7,7,7,,5,6,5,,0,0,0,,0,0,0,,0,0,0,,0,0,0,,0,0,0,,0,0,0,,0,0,0,,0,0,0,
David Alan Grier,Kym Johnson,6.723076923076923,6.723076923076923,United States,52,8,Eliminated Week 5,9,6,7,6,,6,5,6,,8,8,8,,8,7,7,,7,8,7,,0,0,0,,0,0,0,,0,0,0,,0,0,0,,0,0,0,,0,0,0,
Lawrence Taylor,Edyta Sliwinska,0,0,United States,50,8,Eliminated Week 7,7,6,5,5,,7,6,7,,7,6,7,,7,5,7,,6,7,7,,7,7,8,,7,7,7,,0,0,0,,0,0,0,,0,0,0,,0,0,0,
Ty Murray,Chelsie Hightower,12.194444444444445,12.194444444444445,United States,39,8,Eliminated Week 10,4,5,4,5,,7,6,7,,8,8,7,,9,8,8,,7,7,7,,6,6,6,,8,8,8,,9,8,9,,7.5,8,7.5,,8,8,8,,0,0,0,
Shawn Johnson,Mark Ballas,10.661538461538461,10.661538461538461,United States,17,8,1st Place,1,8,8,7,,8,8,8,,9,9,9,,8,8,9,,9,8,9,,8,9,9,,9,9,10,,9,8,9,,9.5,9,9.5,,9.5,9,9.5,,10,10,10,
Steve Wozniak,Karina Smirnoff,4.907692307692308,4.907692307692308,United States,58,8,Eliminated Week 4,10,5,4,4,,6,5,6,,4,3,3,,4,4,4,,0,0,0,,0,0,0,,0,0,0,,0,0,0,,0,0,0,,0,0,0,,0,0,0,
Belinda Carlisle,Jonathan Roberts,0,0,United States,50,8,Eliminated Week 2,13,6,6,5,,6,6,6,,0,0,0,,0,0,0,,0,0,0,,0,0,0,,0,0,0,,0,0,0,,0,0,0,,0,0,0,,0,0,0,
Chuck Wicks,Julianne Hough,14.6,14.6,United States,29,8,Eliminated Week 8,6,6,7,7,,6,7,7,,8,7,8,,8,7,7,,7,8,8,,8,7,8,,9,9,9,,8.5,8.5,8.5,,0,0,0,,0,0,0,,0,0,0,
Lil' Kim,Derek Hough,13.261538461538462,13.261538461538462,United States,34,8,Eliminated Week 9,5,7,7,7,,8,7,8,,8,8,9,,9,8,10,,9,8,9,,10,8,10,,9,8,9,,9,9,10,,8.5,9,8.5,,0,0,0,,0,0,0,
Steve-O,Lacey Schwimmer,21.153846153846153,21.153846153846153,England,34,8,Eliminated Week 6,8,6,5,6,,5,4,5,,5,5,5,,5,5,5,,6,6,6,,7,4,5,,0,0,0,,0,0,0,,0,0,0,,0,0,0,,0,0,0,
Holly Madison,Dmitry Chaplin,5.319444444444445,5.319444444444445,United States,30,8,Eliminated Week 4,11,6,6,6,,6,6,6,,5,6,6,,5,6,5,,0,0,0,,0,0,0,,0,0,0,,0,0,0,,0,0,0,,0,0,0,,0,0,0,
Melissa Rycroft,Tony Dovolani,1.8867924528301887,1.8867924528301887,United States,26,8,3rd Place,3,8,7,8,,9,8,9,,9,9,9,,10,9,10,,8,8,9,,9,9,9,,10,9,10,,7.5,7.5,8,,9.5,9.5,9.5,,9,9.5,9,,9.5,9.5,9.5,
Ashley Hamiliton,Edyta Sliwinska,0,0,United States,34,9,Eliminated Week 1,16,6.3333,7.3333,5.3333,,0,0,0,,0,0,0,,0,0,0,,0,0,0,,0,0,0,,0,0,0,,0,0,0,,0,0,0,,0,0,0,,,,,
Debi Mazar,Maksim Chmerkoskiy,0,0,United States,45,9,Eliminated Week 3,12,8,7,7,,7,7,7,,6,5,6,,0,0,0,,0,0,0,,0,0,0,,0,0,0,,0,0,0,,0,0,0,,0,0,0,,,,,
Melissa Joan Hart,Mark Ballas,10.661538461538461,10.661538461538461,United States,33,9,Eliminated Week 6,9,8,8,8,,7,6,6,,6,6,7,,9,9,10,,8,8,7,,8.3333,8.3333,7.3333,,0,0,0,,0,0,0,,0,0,0,,0,0,0,,,,,
Mark Dacascos,Lacey Schwimmer,21.153846153846153,21.153846153846153,United States,45,9,Eliminated Week 7,6,9.6666,9.6666,9.6666,,7,7,7,,6,6,6,,8,7,7,,9,9,8,,11,11,10,,7,7.5,7,,0,0,0,,0,0,0,,0,0,0,,,,,
Chuck Liddell,Anna Trebunskaya,1.8867924528301887,1.8867924528301887,United States,39,9,Eliminated Week 4,11,8,7,7,,6,7,6,,6,5,6,,6,5,6,,0,0,0,,0,0,0,,0,0,0,,0,0,0,,0,0,0,,0,0,0,,,,,
Natalie Coughlin,Alec Mazo,0,0,United States,27,9,Eliminated Week 5,10,9.6666,8.6666,8.6666,,7,7,7,,9,8,9,,8,8,8,,7,8,7,,0,0,0,,0,0,0,,0,0,0,,0,0,0,,0,0,0,,,,,
Louie Vito,Chelsie Hightower,12.194444444444445,12.194444444444445,United States,21,9,Eliminated Week 6,8,8.6666,9.6666,8.6666,,6,7,6,,8,5,7,,5,5,6,,7,8,7,,8,8,8,,0,0,0,,0,0,0,,0,0,0,,0,0,0,,,,,
Michael Irvin,Anna Demidova,5.476923076923077,5.476923076923077,United States,43,9,Eliminated Week 7,7,7,6,6,,7,7,6,,5,4,5,,5,6,5,,7,7,7,,6.6666,8.6666,6.6666,,8,8,7.5,,0,0,0,,0,0,0,,0,0,0,,,,,
Joanna Krupa,Derek Hough,13.261538461538462,13.261538461538462,Poland,30,9,Eliminated Week 9,4,11.3333,11.3333,11.3333,,6,7,7,,7,8,8,,9,8,9,,8,8,8,,11.3333,12.3333,12.3333,,9,9,9.5,,8.5,8.5,9,,9,9,9,,0,0,0,,,,,
Kathy Ireland,Tony Dovolani,1.8867924528301887,1.8867924528301887,United States,46,9,Eliminated Week 2,14,7.3333,6.3333,6.3333,,6,6,6,,0,0,0,,0,0,0,,0,0,0,,0,0,0,,0,0,0,,0,0,0,,0,0,0,,0,0,0,,,,,
Tom DeLay,Cheryl Burke,5.490566037735849,5.490566037735849,United States,62,9,Withdrew (Eliminated Week 3),13,7.3333,6.3333,6.3333,,6,6,6,,6,4,5,,0,0,0,,0,0,0,,0,0,0,,0,0,0,,0,0,0,,0,0,0,,0,0,0,,,,,
Macy Gray,Jonathan Roberts,0,0,United States,42,9,Eliminated Week 1,15,7.3333,5.3333,6.3333,,0,0,0,,0,0,0,,0,0,0,,0,0,0,,0,0,0,,0,0,0,,0,0,0,,0,0,0,,0,0,0,,,,,
Aaron Carter,Karina Smirnoff,4.907692307692308,4.907692307692308,United States,21,9,Eliminated Week 8,5,10.3333,11.3333,10.3333,,9,9,9,,8,6,7,,6,6,6,,8,8,8,,10.6666,11.6666,10.6666,,8.5,9,9,,8,8.5,8.5,,0,0,0,,0,0,0,,,,,
Mya,Dmitry Chaplin,5.319444444444445,5.319444444444445,United States,29,9,2nd Place,2,11.3333,8.3333,11.3333,,9,9,9,,10,7,10,,10,8,10,,9,9,9,,11,10,12,,8.5,7.5,8.5,,9.5,10,10,,9.3333,9.6666,10,,9.4444,9.4444,9.4444,,,,,
Donny Osmond,Kym Johnson,6.723076923076923,6.723076923076923,United States,51,9,1st Place,1,10.3333,9.3333,10.3333,,8,9,8,,7,7,7,,8,8,8,,10,9,10,,10.3333,10.3333,10.3333,,8.5,8.5,9,,8.5,8,8.5,,8,8.3333,8.3333,,9.6666,9.6666,9.6666,,,,,
Kelly Osbourne,Louis van Amstel,0,0,England,24,9,3rd Place,3,9.6666,10.6666,10.6666,,6,7,6,,7,6,7,,8,7,8,,8,8,8,,8.6666,7.6666,8.6666,,8.5,8.5,9,,8,8.5,9,,8.6666,8.6666,8.6666,,8.5,8.5,8.2222,,,,,
Aiden Turner,Edyta Sliwinska,0,0,England,32,10,Eliminated Week 4,9,5,5,5,,7,6,6,,7,6,7,,5.5,5.5,5.5,,0,0,0,,0,0,0,,0,0,0,,0,0,0,,0,0,0,,0,0,0,,,,,
Shannen Doherty,Mark Ballas,10.661538461538461,10.661538461538461,United States,38,10,Eliminated Week 2,11,6,6,6,,7,6,7,,0,0,0,,0,0,0,,0,0,0,,0,0,0,,0,0,0,,0,0,0,,0,0,0,,0,0,0,,,,,
Niecy Nash,Louis van Amstel,0,0,United States,40,10,Eliminated Week 8,5,7,5,6,,7,7,7,,7,7,7,,6,6,6,,6,6,6,,8.6666,8.6666,8.6666,,8.5,8,8,,7,7,7.5,,0,0,0,,0,0,0,,,,,
Buzz Aldrin,Ashly DelGrosso,2.7777777777777777,2.7777777777777777,United States,80,10,Eliminated Week 3,10,5,4,5,,4,4,4,,5,4,4,,0,0,0,,0,0,0,,0,0,0,,0,0,0,,0,0,0,,0,0,0,,0,0,0,,,,,
Chad Ochocinco,Cheryl Burke,5.490566037735849,5.490566037735849,United States,32,10,Eliminated Week 9,4,6,6,6,,6,5,5,,7,6,7,,7.5,6.5,8,,6,6,6,,10.3333,10.3333,10.3333,,8.5,9,8.5,,7.5,7.5,7.5,,8.5,8.5,9,,0,0,0,,,,,
Evan Lysacek,Anna Trebunskaya,1.8867924528301887,1.8867924528301887,United States,24,10,2nd Place,2,8,7,8,,8,8,8,,9,8,9,,9,8,9,,9,9,9,,9,9,9,,9,9,9,,9,8.5,9,,10,9.5,10,,9.3333,8.7777,8.7777,,,,,
Pamela Anderson,Damian Whitewood,6.492307692307692,6.492307692307692,Canada,42,10,Eliminated Week 7,6,7,6,8,,7,7,8,,7,7,7,,7.5,7.5,8.5,,7,6,8,,9.6666,9.6666,10.6666,,8.5,8.5,8.5,,0,0,0,,0,0,0,,0,0,0,,,,,
Nicole Scherzinger,Derek Hough,13.261538461538462,13.261538461538462,United States,31,10,1st Place,1,9,7,9,,10,8,10,,8,6,9,,8.5,8,8.5,,10,9,10,,12.3333,10.3333,13.3333,,9,9,9,,10,9.5,10,,10,9.5,10,,9.5,9.5,9.7777,,,,,
Erin Andrews,Maksim Chmerkoskiy,0,0,United States,32,10,3rd Place,3,7,7,7,,8,7,8,,8,7,8,,6.5,6.5,6.5,,7,7,8,,12,10,12,,8.5,8.5,8.5,,8.5,9,9,,9.5,9,9.5,,9.2222,8.8888,8.8888,,,,,
Kate Gosselin,Tony Dovolani,1.8867924528301887,1.8867924528301887,United States,35,10,Eliminated Week 5,8,6,5,5,,5,5,5,,5,5,5,,5,5.5,5.5,,5,5,5,,0,0,0,,0,0,0,,0,0,0,,0,0,0,,0,0,0,,,,,
Jake Pavelka,Chelsie Hightower,12.194444444444445,12.194444444444445,United States,32,10,Eliminated Week 6,7,7,6,7,,6,7,7,,7,7,7,,6.5,6.5,6,,8,7,8,,8.3333,8.3333,8.3333,,0,0,0,,0,0,0,,0,0,0,,0,0,0,,,,,
David Hasselhoff,Kym Johnson,6.723076923076923,6.723076923076923,United States,58,11,Eliminated Week 1,12,5,5,5,,0,0,0,,0,0,0,,0,0,0,,0,0,0,,0,0,0,,0,0,0,0,0,0,0,,0,0,0,,0,0,0,,,,,
Florence Henderson,Corky Ballas,13.246153846153845,13.246153846153845,United States,76,11,Eliminated Week 5,8,6,6,6,,7,6,6,,7,6,7,,6,6,5.5,,7,7,7,,0,0,0,,0,0,0,0,0,0,0,,0,0,0,,0,0,0,,,,,
Kyle Massey,Lacey Schwimmer,21.153846153846153,21.153846153846153,United States,19,11,2nd Place,2,8,7,8,,8,7,7,,8,7,8,,7,6.5,6.5,,8,5,7,,10.3333,9.3333,10.3333,,9,8.5,8,8,9.5,9,9.5,,10,9,10,,9.3333,8.6666,9.3333,,,,,
Jennifer Grey,Derek Hough,13.261538461538462,13.261538461538462,United States,50,11,1st Place,1,8,8,8,,8,8,8,,8,8,8,,9.5,9,9.5,,8,8,9,,9,10,10,,9.5,9,9,9,9.5,9.5,9.5,,10,10,10,,10,10,10,,,,,
Rick Fox,Cheryl Burke,5.490566037735849,5.490566037735849,Canada,41,11,Eliminated Week 7,6,8,7,7,,7,7,7,,8,8,8,,6,7,6.5,,8,8,8,,10,10,10,,9,8.5,8.5,8.5,0,0,0,,0,0,0,,0,0,0,,,,,
Kurt Warner,Anna Trebunskaya,1.8867924528301887,1.8867924528301887,United States,39,11,Eliminated Week 8,5,7,5,7,,7,7,7,,8,8,7,,6,5.5,5.5,,8,8,8,,7.3333,7.3333,7.3333,,9.5,8.5,8.5,8.5,8,8,8,,0,0,0,,0,0,0,,,,,
Margaret Cho,Louis van Amstel,0,0,United States,41,11,Eliminated Week 3,10,5,5,5,,6,6,6,,6,6,6,,0,0,0,,0,0,0,,0,0,0,,0,0,0,0,0,0,0,,0,0,0,,0,0,0,,,,,
Michael Bolton,Chelsie Hightower,12.194444444444445,12.194444444444445,United States,57,11,Eliminated Week 2,11,6,5,5,,4,5,3,,0,0,0,,0,0,0,,0,0,0,,0,0,0,,0,0,0,0,0,0,0,,0,0,0,,0,0,0,,,,,
Brandy,Maksim Chmerkoskiy,0,0,United States,31,11,Eliminated Week 9,4,7,8,8,,7,7,7,,8,8,8,,8,8,8,,9,9,9,,11.3333,12.3333,12.3333,,9,9,9.5,9,9,9.5,10,,9.5,9.5,9.5,,0,0,0,,,,,
The Situation,Karina Smirnoff,4.907692307692308,4.907692307692308,United States,28,11,Eliminated Week 4,9,5,5,5,,6,6,6,,7,6,7,,5,4.5,4.5,,0,0,0,,0,0,0,,0,0,0,0,0,0,0,,0,0,0,,0,0,0,,,,,
Audrina Patridge,Tony Dovolani,1.8867924528301887,1.8867924528301887,United States,25,11,Eliminated Week 6,7,6,7,6,,8,8,7,,8,9,9,,8,7.5,7.5,,7,8,8,,10.6666,10.6666,10.6666,,0,0,0,0,0,0,0,,0,0,0,,0,0,0,,,,,
Bristol Palin,Mark Ballas,10.661538461538461,10.661538461538461,United States,19,11,3rd Place,3,6,6,6,,7,8,7,,6,6,7,,5,5.5,5.5,,6,6,6,,9.6666,8.6666,9.6666,,8.5,8,8,8,7.5,8,8,,8.5,9,9,,8.3333,9,8.3333,,,,,
Ralph Macchio,Karina Smirnoff,4.907692307692308,4.907692307692308,United States,49,12,Eliminated Week 9,4,8,8,8,,7,7,7,,7,7,7,,8,8,9,,8,7,7,,8,8,8,,9,8.5,7.5,8,7.5,7.5,8,,8,8,8,,0,0,0,,,,,
Chelsea Kane,Mark Ballas,10.661538461538461,10.661538461538461,United States,22,12,3rd Place,3,7,7,7,,6,5,7,,7,8,8,,9,8,9,,9,8,9,,10,9,9,,8,8.5,7.5,8,9,9,9.5,,12,12,12.5,,10,9.6666,10,,,,,
Kirstie Alley,Maksim Chmerkoskiy,0,0,United States,60,12,2nd Place,2,8,7,8,,7,6,7,,7,7,7,,7,7,8,,8,7,8,,8,9,9,,8,7,7,8,8.5,9,9,,9,9,9,,9.3333,9.3333,9.3333,,,,,
Hines Ward,Kym Johnson,6.723076923076923,6.723076923076923,South Korea,35,12,1st Place,1,7,7,7,,8,7,8,,9,8,8,,9,8,8,,9,9,9,,9,9,9,,8,8,8,9,9,9,9,,10,10,10,,10,9.6666,10,,,,,
Sugar Ray Leonard,Anna Trebunskaya,1.8867924528301887,1.8867924528301887,United States,54,12,Eliminated Week 4,9,6,5,6,,6,5,6,,7,6,7,,7,7,7,,0,0,0,,0,0,0,,0,0,0,0,0,0,0,,0,0,0,,0,0,0,,,,,
Chris Jericho,Cheryl Burke,5.490566037735849,5.490566037735849,United States,40,12,Eliminated Week 6,7,7,6,6,,8,7,8,,7,7,7,,8,7,8,,9,8,9,,7,8,7,,0,0,0,0,0,0,0,,0,0,0,,0,0,0,,,,,
Petra Nemcova,Dmitry Chaplin,5.319444444444445,5.319444444444445,Czechoslovakia,31,12,Eliminated Week 5,8,6,6,6,,6,6,6,,8,9,8,,8,7,8,,7,7,8,,0,0,0,,0,0,0,0,0,0,0,,0,0,0,,0,0,0,,,,,
Mike Catherwood,Lacey Schwimmer,21.153846153846153,21.153846153846153,United States,32,12,Eliminated Week 2,11,5,4,4,,6,5,6,,0,0,0,,0,0,0,,0,0,0,,0,0,0,,0,0,0,0,0,0,0,,0,0,0,,0,0,0,,,,,
Romeo,Chelsie Hightower,12.194444444444445,12.194444444444445,United States,21,12,Eliminated Week 8,5,7,6,6,,7,8,8,,7,6,7,,7,8,8,,9,8,9,,10,9,9,,7.5,8,7,7.5,8.5,9,8.5,,0,0,0,,0,0,0,,,,,
Wendy Williams,Tony Dovolani,1.8867924528301887,1.8867924528301887,United States,46,12,Eliminated Week 3,10,5,4,5,,6,5,6,,5,5,5,,0,0,0,,0,0,0,,0,0,0,,0,0,0,0,0,0,0,,0,0,0,,0,0,0,,,,,
Kendra Wilkinson,Louis van Amstel,0,0,United States,25,12,Eliminated Week 7,6,6,6,6,,7,6,6,,8,7,8,,6,6,6,,8,7,7,,8,8,9,,7.5,7.5,7.5,8,0,0,0,,0,0,0,,0,0,0,,,,,
Elisabetta Canalis,Valentin Chmerkovskiy,0,0,Italy,33,13,Eliminated Week 2,11,5,5,5,,7,7,7,,0,0,0,,0,0,0,,0,0,0,,0,0,0,,0,0,0,,0,0,0,,0,0,0,,0,0,0,,,,,
David Arquette,Kym Johnson,6.723076923076923,6.723076923076923,United States,40,13,Eliminated Week 7,6,6,6,6,,6,6,6,,8,8,8,,8,7,8,,8,9,8,,8,7,8,,8,7.5,8,,0,0,0,,0,0,0,,0,0,0,,,,,
Ricki Lake,Derek Hough,13.261538461538462,13.261538461538462,United States,42,13,3rd Place,3,7,6,7,,8,7,8,,9,9,9,,10,9,10,,8,8,8,,10,9,10,,9,8.5,9,,8.5,8.5,9,,10.8333,11.3333,11.3333,,9.3333,9.3333,9.3333,,,,,
J.R. Martinez,Karina Smirnoff,4.907692307692308,4.907692307692308,United States,28,13,1st Place,1,8,7,7,,7,7,8,,9,8,9,,8,9,9,,9,9,10,,10,9,10,,8.5,7.5,8,,10,10,10,,9.5,9,9.5,,9.3333,9.1666,9.6666,,,,,
Metta World Peace (Ron),Peta Murgatroyd,2.7384615384615385,2.7384615384615385,United States,31,13,Eliminated Week 1,12,5,4,5,,0,0,0,,0,0,0,,0,0,0,,0,0,0,,0,0,0,,0,0,0,,0,0,0,,0,0,0,,0,0,0,,,,,
Hope Solo,Maksim Chmerkoskiy,0,0,United States,30,13,Eliminated Week 9,4,7,7,7,,6,7,6,,8,8,8,,8,8,8,,8,8,8,,7,6,7,,8.5,8,8.5,,8.5,9,8.5,,8.1666,8.1666,8.1666,,0,0,0,,,,,
Chynna Phillips,Tony Dovolani,1.8867924528301887,1.8867924528301887,United States,43,13,Eliminated Week 4,9,8,7,7,,7,7,7,,8,9,9,,7,7,7,,0,0,0,,0,0,0,,0,0,0,,0,0,0,,0,0,0,,0,0,0,,,,,
Kristin Cavallari,Mark Ballas,10.661538461538461,10.661538461538461,United States,24,13,Eliminated Week 3,10,7,6,6,,8,7,7,,8,8,8,,0,0,0,,0,0,0,,0,0,0,,0,0,0,,0,0,0,,0,0,0,,0,0,0,,,,,
Carson Kressley,Anna Trebunskaya,1.8867924528301887,1.8867924528301887,United States,41,13,Eliminated Week 5,8,6,5,6,,6,6,6,,8,7,8,,7,6,7,,6,6,7,,0,0,0,,0,0,0,,0,0,0,,0,0,0,,0,0,0,,,,,
Chaz Bono,Lacey Schwimmer,21.153846153846153,21.153846153846153,United States,42,13,Eliminated Week 6,7,6,5,6,,6,5,6,,6,6,6,,7,7,7,,7,7,7,,7,6,6,,0,0,0,,0,0,0,,0,0,0,,0,0,0,,,,,
Nancy Grace,Tristan MacManus,18.953846153846154,18.953846153846154,United States,51,13,Eliminated Week 8,5,5,5,6,,6,8,7,,7,7,7,,7,7,7,,7,7,8,,9,7,8,,7.5,7,7.5,,7.5,7,7.5,,0,0,0,,0,0,0,,,,,
Rob Kardashian,Cheryl Burke,5.490566037735849,5.490566037735849,United States,24,13,2nd Place,2,6,5,5,,7,7,7,,8,8,8,,8,8,8,,9,8,8,,8,7,7,,9,8,8.5,,8.5,8.5,8.5,,11.1666,10.6666,10.6666,,9.4444,9.4444,9.4444,,,,,
William Levy,Cheryl Burke,5.490566037735849,5.490566037735849,Cuba,31,14,3rd Place,3,8,8,8,,9,7,9,,9,9,10,,7,7,8,,10,9,10,,12,11,13,,9,8.5,9,,9.5,9.5,9.5,,9.5,9.5,10,,10,9.6666,10,,,,,
Jack Wagner,Anna Trebunskaya,1.8867924528301887,1.8867924528301887,United States,52,14,Eliminated Week 3,11,8,7,8,,7,7,7,,8,8,8,,0,0,0,,0,0,0,,0,0,0,,0,0,0,,0,0,0,,0,0,0,,0,0,0,,,,,
Sherri Sheperd,Valentin Chmerkovskiy,0,0,United States,44,14,Eliminated Week 4,10,8,7,8,,8,7,8,,8,8,8,,7,7,7,,0,0,0,,0,0,0,,0,0,0,,0,0,0,,0,0,0,,0,0,0,,,,,
Jaleel White,Kym Johnson,6.723076923076923,6.723076923076923,United States,35,14,Eliminated Week 7,7,9,8,9,,7,7,8,,9,8,8,,8,7,7,,8,8,8,,12.6666,11.6666,12.6666,,9,8,8.5,,0,0,0,,0,0,0,,0,0,0,,,,,
Roshon Fegan,Chelsie Hightower,12.194444444444445,12.194444444444445,United States,20,14,Eliminated Week 8,6,8,7,8,,9,8,9,,8,8,9,,9,8,9,,9,8,9,,8.6666,9.6666,9.6666,,9.5,8,8.5,,9.5,9,9.5,,0,0,0,,0,0,0,,,,,
Melissa Gilbert,Maksim Chmerkoskiy,0,0,United States,47,14,Eliminated Week 8,5,7,6,7,,7,6,7,,8,8,8,,7,8,7,,7,7,7,,10,10,10,,8,7.5,8,,8.5,8.5,8.5,,0,0,0,,0,0,0,,,,,
Martina Navratilova,Tony Dovolani,1.8867924528301887,1.8867924528301887,Czechoslovakia,55,14,Eliminated Week 2,12,7,6,7,,6,5,6,,0,0,0,,0,0,0,,0,0,0,,0,0,0,,0,0,0,,0,0,0,,0,0,0,,0,0,0,,,,,
Donald Driver,Peta Murgatroyd,2.7384615384615385,2.7384615384615385,United States,37,14,1st Place,1,7,7,7,,8,8,8,,9,8,9,,9,9,9,,10,8,9,,11.3333,11.3333,11.3333,,9,8.5,9,,9.5,9,9,,9.5,9,10,,10,9.6666,10,,,,,
Gavin DeGraw,Karina Smirnoff,4.907692307692308,4.907692307692308,United States,35,14,Eliminated Week 5,9,7,6,7,,7,7,7,,8,8,8,,8,8,7,,6,6,7,,0,0,0,,0,0,0,,0,0,0,,0,0,0,,0,0,0,,,,,
Gladys Knight,Tristan MacManus,18.953846153846154,18.953846153846154,United States,67,14,Eliminated Week 6,8,8,7,8,,7,5,7,,8,8,8,,7,6,7,,7,7,8,,8,8,8,,0,0,0,,0,0,0,,0,0,0,,0,0,0,,,,,
Katherine Jenkins,Mark Ballas,10.661538461538461,10.661538461538461,Wales,31,14,2nd Place,2,9,8,9,,9,8,9,,10,9,10,,8,8,8,,10,9,10,,13.3333,12.3333,13.3333,,9.5,8.5,9,,9,9,9.5,,9.5,9,9.5,,10,10,10,,,,,
Maria Menounos,Derek Hough,13.261538461538462,13.261538461538462,United States,33,14,Eliminated Week 9,4,7,7,7,,8,8,9,,9,9,9,,9,8,9,,9,9,9,,9.3333,10.3333,10.3333,,10,9,9.5,,9.5,7.5,9.5,,10,9.5,10,,0,0,0,,,,,
Gilles Marini,Peta Murgatroyd,2.7384615384615385,2.7384615384615385,France,36,15,Eliminated Week 8,6,8,8,8,,8.5,8.5,8.5,,8.5,8.5,8.5,,10,9.5,10,10,9.5,9.25,9.5,,9,9,9.5,,11.1666,11.1666,11.1666,,9.5,10,9.7777,,0,0,0,,0,0,0,,,,,
Sabrina Bryan,Louis van Amstel,0,0,United States,28,15,Eliminated Week 6,8,7.5,7.5,7.5,,9,8.5,8.5,,8.5,8.5,8.5,,9,9,8.5,9,9.75,9.75,9.75,,10,10,10,,0,0,0,,0,0,0,,0,0,0,,0,0,0,,,,,
Kirstie Alley,Maksim Chmerkoskiy,0,0,United States,61,15,Eliminated Week 8,7,6.5,6,6.5,,7,7,7,,8,8,8,,7.5,7.5,7.5,7.5,8.75,8.75,8.75,,9.5,8.5,9.5,,9.3333,9.3333,9.3333,,8.5,8.5,8.5,,0,0,0,,0,0,0,,,,,
Kelly Monaco,Valentin Chmerkovskiy,0,0,United States,36,15,3rd Place,3,7,7,7.5,,7.5,7,7.5,,9,9,9,,9,9.5,9.5,9.5,8.5,8.5,8.75,,9,9,9,,12,12,12,,9.5,9.3333,9.5,,8.7777,9.3333,9,,9.6666,9.6666,9.7777,,,,,
Apolo Anton Ohno,Karina Smirnoff,4.907692307692308,4.907692307692308,United States,30,15,Eliminated Week 9,5,7.5,7,7.5,,8.5,8,8,,9,8,8.5,,8.5,9,8.5,8.5,9,9.75,9.5,,10,10,10,,11,11,11,,9.7777,9.5,10,,9.3333,9.5,9.7777,,0,0,0,,,,,
Emmitt Smith,Cheryl Burke,5.490566037735849,5.490566037735849,United States,43,15,Eliminated Week 9,4,8,8.5,8,,7.5,7.5,7.5,,8.5,8,8.5,,9,9,9,9,9.25,9.25,9.5,,8.5,8.5,9.5,,10.8333,11.8333,11.8333,,9.5,9.7777,9.7777,,9,9,9,,0,0,0,,,,,
Shawn Johnson,Derek Hough,13.261538461538462,13.261538461538462,United States,20,15,2nd Place,2,8,6.5,7.5,,8.5,8,8.5,,9,8,9.5,,10,9.5,10,10,9.25,9,10,,9.5,8.5,10,,12.6666,12.6666,12.6666,,10,8.3333,9.5,,9.5,10,10,,9.6666,9.5,9.7777,,,,,
Pamela Anderson,Tristan MacManus,18.953846153846154,18.953846153846154,Canada,45,15,Eliminated Week 1,13,5.5,5.5,6,,0,0,0,,0,0,0,,0,0,0,0,0,0,0,,0,0,0,,0,0,0,,0,0,0,,0,0,0,,0,0,0,,,,,
Helio Castroneves,Chelsie Hightower,12.194444444444445,12.194444444444445,Brazil,37,15,Eliminated Week 3,10,7,7.5,7,,8,7.5,7.5,,8.5,8.5,8.5,,0,0,0,0,0,0,0,,0,0,0,,0,0,0,,0,0,0,,0,0,0,,0,0,0,,,,,
Joey Fatone,Kym Johnson,6.723076923076923,6.723076923076923,United States,35,15,Eliminated Week 2,12,6.5,7,7,,7.5,7.5,7.5,,0,0,0,,0,0,0,0,0,0,0,,0,0,0,,0,0,0,,0,0,0,,0,0,0,,0,0,0,,,,,
Drew Lachey,Anna Trebunskaya,1.8867924528301887,1.8867924528301887,United States,36,15,Eliminated Week 3,11,7,7,7.5,,7.5,7.5,7.5,,8,8,8,,0,0,0,0,0,0,0,,0,0,0,,0,0,0,,0,0,0,,0,0,0,,0,0,0,,,,,
Bristol Palin,Mark Ballas,10.661538461538461,10.661538461538461,United States,21,15,Eliminated Week 4,9,6.5,6.5,6.5,,6,6,6,,7.5,7.5,7.5,,8,8,8,8,0,0,0,,0,0,0,,0,0,0,,0,0,0,,0,0,0,,0,0,0,,,,,
Melissa Rycroft,Tony Dovolani,1.8867924528301887,1.8867924528301887,United States,29,15,1st Place,1,7,7,7,,8,8,7.5,,9,9,9,,9,9,9.5,9.5,9.25,9.5,9.5,,9.5,10,10,,13.3333,12.8333,12.8333,,10,10,10,,9.5,9.7777,9.5,,9.7777,9.7777,9.7777,,,,,
Ingo Rademacher,Kym Johnson,6.723076923076923,6.723076923076923,Germany,41,16,Eliminated Week 9,5,7,6,7,,6,7,7,,7,7,7,,8,7,8,,7,7,7,,7.5,8,7.5,,8,9,8,,8,8,8,,8.5,8.5,8.5,,0,0,0,,,,,
Zendaya,Valentin Chmerkovskiy,0,0,United States,16,16,2nd Place,2,8,8,8,,9,8,9,,8.6666,8.6666,8.6666,,9,8,9,,10,9,10,,8.5,8.5,8.5,,10,10,10,,9.5,10,9.5,,9,9,9.5,,10,10,10,,,,,
Dorothy Hamill,Tristan MacManus,18.953846153846154,18.953846153846154,United States,56,16,Withdrew (Eliminated Week 2),12,7,7,7,,5,5,5,,0,0,0,,0,0,0,,0,0,0,,0,0,0,,0,0,0,,0,0,0,,0,0,0,,0,0,0,,,,,
Victor Ortiz,Lindsay Arnold,7.7846153846153845,7.7846153846153845,United States,26,16,Eliminated Week 6,8,6,6,6,,6,6,6,,8,7,8,,6,6,6,,7,7,7,,6.5,7,6.5,,0,0,0,,0,0,0,,0,0,0,,0,0,0,,,,,
Alexandra Raisman,Mark Ballas,10.661538461538461,10.661538461538461,United States,18,16,Eliminated Week 10,4,7,7,7,,8,8,8,,7,8,8,,9,9,9,,8,8,9,,8.5,9,8.5,,11,10,11,,9,9.5,9.5,,10,9.5,10,,9.5,9.5,10,,,,,
Jacoby Jones,Karina Smirnoff,4.907692307692308,4.907692307692308,United States,28,16,3rd Place,3,7,6,7,,8,7,8,,8.6666,8.6666,8.6666,,8,8,8,,9,8,9,,7.5,7.5,7.5,,9,9,9,,8.5,9,8.5,,10,9.5,10,,9.3333,9.3333,9.3333,,,,,
D. L. Hughley,Cheryl Burke,5.490566037735849,5.490566037735849,United States,50,16,Eliminated Week 5,9,4,4,4,,5,5,6,,6,5,5,,7,7,7,,6,6,6,,0,0,0,,0,0,0,,0,0,0,,0,0,0,,0,0,0,,,,,
Andy Dick,Sharna Burgess,0,0,United States,47,16,Eliminated Week 7,7,6,5,6,,7,6,7,,6,6,6,,7,7,7,,6,6,6,,7,7.5,7,,5,6,6,,0,0,0,,0,0,0,,0,0,0,,,,,
Wynonna Judd,Tony Dovolani,1.8867924528301887,1.8867924528301887,United States,48,16,Eliminated Week 3,11,6,6,6,,6,6,6,,5,5,5,,0,0,0,,0,0,0,,0,0,0,,0,0,0,,0,0,0,,0,0,0,,0,0,0,,,,,
Kellie Pickler,Derek Hough,13.261538461538462,13.261538461538462,United States,26,16,1st Place,1,7,7,7,,9,8,9,,8,9,8,,9,8,9,,9,9,9,,8.5,9.5,9,,9,10,10,,9.5,8,10,,9.5,10,9.5,,10,10,10,,,,,
Lisa Vanderpump,Gleb Savchenko,9.723076923076922,9.723076923076922,England,52,16,Eliminated Week 4,10,6,6,6,,6,6,6,,7,7,7,,6,6,6,,0,0,0,,0,0,0,,0,0,0,,0,0,0,,0,0,0,,0,0,0,,,,,
Sean Lowe,Peta Murgatroyd,2.7384615384615385,2.7384615384615385,United States,29,16,Eliminated Week 8,6,7,6,6,,7,6,7,,7,7,7,,6,7,7,,8,8,8,,7.5,8,7.5,,8,8,8,,7,7,7,,0,0,0,,0,0,0,,,,,
Valerie Harper,Tristan MacManus,18.953846153846154,18.953846153846154,United States,74,17,Eliminated Week 4,10,7,7,7,,6,6,7,,6,5,5,,6,6,6,,0,0,0,,0,0,0,,0,0,0,,0,0,0,,0,0,0,,0,0,0,0,0,0,0,
Brant Daugherty,Peta Murgatroyd,2.7384615384615385,2.7384615384615385,United States,28,17,Eliminated Week 8,7,7,8,7,,8,7,8,,9,9,9,,7,7,7,,9,9,9,,10,11,10,,9.5,9.5,9.5,,9,9,9,,0,0,0,,0,0,0,0,0,0,0,
Elizabeth Berkley Lauren,Valentin Chmerkovskiy,0,0,United States,39,17,Eliminated Week 9,6,8,8,8,,8,9,8,,8,9,8,,9,9,9,,8,9,9,,10.6666,10.6666,10.6666,,9,9,9,,8,9,8,,9.5,9,9.5,,0,0,0,0,0,0,0,
Leah Remini,Tony Dovolani,1.8867924528301887,1.8867924528301887,United States,43,17,Eliminated Week 10,5,7,7,7,,8,8,8,,8,8,8,,8,8,8,,7,7,8,,9.3333,9.3333,9.3333,,9,8.5,9,,9,10,9,,9,9,9,,8,8,8,8.5,0,0,0,
Corbin Bleu,Karina Smirnoff,4.907692307692308,4.907692307692308,United States,24,17,2nd Place,2,8,8,8,,9,8,9,,9,8,9,,9,9,9,,9,9,10,,9.3333,8.3333,9.3333,,10,9.5,10,,10,10,10,,9.5,9.5,10,,9.5,9,9.5,9.5,9.8888,9.8888,9.8888,
Amber Riley,Derek Hough,13.261538461538462,13.261538461538462,United States,27,17,1st Place,1,9,9,9,,8,8,8,,8,8,8,,9,9,9,,9,7,10,,11.3333,9.3333,11.3333,,10,10,9.5,,9,9,10,,8.5,8.5,8.5,,10,10,9.5,10,10.4444,10.4444,10.4444,
Keyshawn Johnson,Sharna Burgess,0,0,United States,41,17,Eliminated Week 2,12,6,5,6,,6,6,6,,0,0,0,,0,0,0,,0,0,0,,0,0,0,,0,0,0,,0,0,0,,0,0,0,,0,0,0,0,0,0,0,
Bill Engvall,Emma Slater,0,0,United States,56,17,Eliminated Week 11,4,6,6,6,,7,7,7,,8,8,8,,7,7,7,,8,8,8,,8.3333,8.3333,7.3333,,8.5,8,8.5,,8,8,8,,7,7,7,,7.5,7.5,7.5,7.5,8.3333,8.8333,8.3333,
Christina Milian,Mark Ballas,10.661538461538461,10.661538461538461,United States,31,17,Eliminated Week 5,9,7,7,8,,9,8,8,,9,8,9,,8,8,8,,9,10,9,,0,0,0,,0,0,0,,0,0,0,,0,0,0,,0,0,0,0,0,0,0,
Nicole "Snooki" Polizzi,Sasha Farber,5.486111111111111,5.486111111111111,Chile,25,17,Eliminated Week 7,8,8,8,7,,6,7,7,,9,8,8,,8,8,8,,9,9,9,,10,10,10,,9,9,9,,0,0,0,,0,0,0,,0,0,0,0,0,0,0,
Jack Osbourne,Cheryl Burke,5.490566037735849,5.490566037735849,England,27,17,3rd Place,3,8,8,7,,8,8,8,,7,7,8,,8,8,8,,9,9,9,,8.6666,9.6666,8.6666,,10,9,9.5,,10,10,10,,9,9,9,,9,8.5,9,9,9.3333,9.3333,9.3333,
Bill Nye,Tyne Stecklein,6.722222222222222,6.722222222222222,United States,57,17,Eliminated Week 3,11,5,4,5,,6,5,6,,6,5,5,,0,0,0,,0,0,0,,0,0,0,,0,0,0,,0,0,0,,0,0,0,,0,0,0,0,0,0,0,
Billy Dee Williams,Emma Slater,0,0,United States,76,18,Withdrew (Eliminated Week 2),10,5,5,5,,5,5,5,,0,0,0,0,0,0,0,0,0,0,0,0,0,0,0,0,0,0,0,0,0,0,0,0,0,0,0,0,0,0,0,,,,,
Danica McKellar,Valentin Chmerkovskiy,0,0,United States,39,18,Eliminated Week 8,6,8,8,8,,8,8,8,,9,9,9,9,8,8,8,8,10,9,10,10,9,9,9,9,9,9.5,8.5,9,10,9,9,10,0,0,0,0,0,0,0,,,,,
James Maslow,Peta Murgatroyd,2.7384615384615385,2.7384615384615385,United States,23,18,Eliminated Week 10,4,7,7,7,,9,8,8,,9,9,9,9,9,8,9,9,10,10,10,10,9,9,8,9,8.5,9.5,8,9,8,9,10,9,9.5,9.5,9.5,9.5,9.5,9.5,10,,,,,
Candace Cameron Bure,Mark Ballas,10.661538461538461,10.661538461538461,United States,37,18,3rd Place,3,9,8,8,,7,7,7,,8,8,8,8,7,7,7,7,8,9,9,9,8,8,8,8,9,9.5,9,9.5,9,9,9,9,8.5,9.5,9.5,8.5,8.6666,8.6666,8.6666,,,,,
Sean Avery,Karina Smirnoff,4.907692307692308,4.907692307692308,Canada,33,18,Eliminated Week 2,11,7,6,7,,7,7,7,,0,0,0,0,0,0,0,0,0,0,0,0,0,0,0,0,0,0,0,0,0,0,0,0,0,0,0,0,0,0,0,,,,,
Diana Nyad,Henry Byalikov,3.3846153846153846,3.3846153846153846,United States,64,18,Eliminated Week 2,12,6,6,6,,0,0,0,,0,0,0,0,0,0,0,0,0,0,0,0,0,0,0,0,0,0,0,0,0,0,0,0,0,0,0,0,0,0,0,,,,,
Charlie White,Sharna Burgess,0,0,United States,26,18,Eliminated Week 9,5,9,9,9,,9,7,9,,9,9,9,9,7,8,9,9,9,10,9,9,9,9,9,9,8.5,10,8,9,10,10,10,10,9.5,9.5,9.5,9.5,0,0,0,,,,,
Amy Purdy,Derek Hough,13.261538461538462,13.261538461538462,United States,34,18,2nd Place,2,8,8,8,,8,8,8,,9,9,9,9,9,8,8,9,9,9,10,9,9,10,9,10,9.5,9.5,9,9.5,10,10,10,10,9.5,9.5,10,10,10,9.6666,10,,,,,
Meryl Davis,Maksim Chmerkoskiy,0,0,United States,27,18,1st Place,1,8,8,8,,8,9,8,,10,9,10,10,10,9,10,10,9,9,9,9,10,10,10,10,10,10,9,10,9,9,8,10,10,10,10,10,10,10,10,,,,,
Drew Carey,Cheryl Burke,5.490566037735849,5.490566037735849,United States,55,18,Eliminated Week 6,8,7,7,7,,7,7,7,,7,7,8,8,8,8,9,8,7,7,7,7,8,9,7,8,0,0,0,0,0,0,0,0,0,0,0,0,0,0,0,,,,,
Cody Simpson,Witney Carson,6.676923076923077,6.676923076923077,Australia,17,18,Eliminated Week 5,9,7,7,8,,7,7,8,,9,8,9,9,8,7,8,8,9,8,8,9,0,0,0,0,0,0,0,0,0,0,0,0,0,0,0,0,0,0,0,,,,,
NeNe Leakes,Tony Dovolani,1.8867924528301887,1.8867924528301887,United States,46,18,Eliminated Week 7,7,7,7,7,,7,7,7,,8,7,8,8,8,8,8,8,9,9,9,9,8,9,8,8,8,9,7.5,8.5,0,0,0,0,0,0,0,0,0,0,0,,,,,
Antonio Sabato Jr.,Cheryl Burke,5.490566037735849,5.490566037735849,Italy,42,19,Eliminated Week 7,8,6,6,6,7,8,7,8,8,7,7,7,8,7,7,7,8,8,6,7,7,7,7,7,7,7,7.5,7.5,7.5,0,0,0,0,0,0,0,0,0,0,0,0,0,0,0,0
Jonathan Bennett,Allison Holker,16.916666666666668,16.916666666666668,United States,33,19,Eliminated Week 6,9,8,7,7,8,7,7,8,8,8,8,8,8,6,6,6,6,6,6,6,6,8,8,8,8,0,0,0,0,0,0,0,0,0,0,0,0,0,0,0,0,0,0,0,0
Lea Thompson,Artem Chigvintsev,12.541666666666666,12.541666666666666,United States,53,19,Eliminated Week 9,6,8,8,8,8,9,8,9,9,7,8,8,8,10,10,10,9,9,8,8,9,8,8,8,8,8.5,8.5,9,9,8,8,8,8,8.5,9,8.5,9,0,0,0,0,0,0,0,0
Janel Parrish,Valentin Chmerkovskiy,0,0,United States,25,19,3rd Place,3,7,7,7,8,9,8,8,9,10,10,10,10,9,9,9,9,8,8,8,9,8,7,9,9,8.5,8,8.5,8.5,10.75,10.75,10.75,10.75,9.5,9.5,10,9.5,9.5,9.5,10,10,9.6666,10,9.6666,9.6666
Alfonso Ribeiro,Witney Carson,6.676923076923077,6.676923076923077,United States,42,19,1st Place,1,9,9,9,9,8,8,8,8,8,8,8,8,10,10,10,10,8,9,9,8,10,10,9,10,8.5,8.5,8.5,8.5,10.75,9.75,9.75,10.75,9.5,9.5,9.5,10,9.5,9,9.5,9.5,10,10,10,10
Lolo Jones,Keo Motsepe,2.8055555555555554,2.8055555555555554,United States,32,19,Eliminated Week 1,13,6,6,5,5,0,0,0,0,0,0,0,0,0,0,0,0,0,0,0,0,0,0,0,0,0,0,0,0,0,0,0,0,0,0,0,0,0,0,0,0,0,0,0,0
Randy Couture,Karina Smirnoff,4.907692307692308,4.907692307692308,United States,51,19,Eliminated Week 3,11,8,7,8,8,7,7,7,7,7,7,6,6,0,0,0,0,0,0,0,0,0,0,0,0,0,0,0,0,0,0,0,0,0,0,0,0,0,0,0,0,0,0,0,0
Tommy Chong,Peta Murgatroyd,2.7384615384615385,2.7384615384615385,Canada,76,19,Eliminated Week 10,5,7,6,7,7,7,7,7,7,8,10,8,8,7,7,7,7,6,6,5,6,7,7,7,7,7.5,7.5,7.5,7.5,6.75,7.75,7.75,6.75,7,7.5,7,7,8,7.5,8,7.5,0,0,0,0
Betsey Johnson,Tony Dovolani,1.8867924528301887,1.8867924528301887,United States,72,19,Eliminated Week 4,10,5,5,5,5,7,7,7,7,7,9,6,7,8,7,7,7,0,0,0,0,0,0,0,0,0,0,0,0,0,0,0,0,0,0,0,0,0,0,0,0,0,0,0,0
Michael Waltrip,Emma Slater,0,0,United States,51,19,Eliminated Week 8,7,7,6,6,6,6,6,6,6,7,7,7,7,6,6,6,7,5,5,5,5,8,7,8,7,7,7,7,7,6,7,6,6,0,0,0,0,0,0,0,0,0,0,0,0
Tavis Smiley,Sharna Burgess,0,0,United States,50,19,Eliminated Week 2,12,7,7,8,7,7,7,7,7,0,0,0,0,0,0,0,0,0,0,0,0,0,0,0,0,0,0,0,0,0,0,0,0,0,0,0,0,0,0,0,0,0,0,0,0
Bethany Mota,Derek Hough,13.261538461538462,13.261538461538462,United States,18,19,Eliminated Week 11,4,8,8,8,8,8,9,8,8,10,10,10,10,8,8,8,9,8,8,8,8,9,9,9,9,9.5,9,9.5,9.5,9.75,9.75,9.75,10.75,9,9.5,9.5,9,9.5,9.5,9.5,9.5,9.5,9.5,9.5,9.5
Sadie Robertson,Mark Ballas,10.661538461538461,10.661538461538461,United States,17,19,2nd Place,2,8,8,9,9,8,7,8,8,8,8,8,8,9,10,9,9,9,9,9,9,9,10,8,8,7.5,7.5,8,8,9,9,10,10,9,9.5,9,9,9,9.5,9.5,9,10,9.6666,10,9.6666
Suzanne Somers,Tony Dovolani,1.8867924528301887,1.8867924528301887,United States,68,20,Eliminated Week 5,9,6,6,6,7,7,7,7,7,6,6,6,7,7,7,7,7,7,7,7,7,0,0,0,0,0,0,0,0,0,0,0,0,0,0,0,0,0,0,0,0,,,,
Willow Shields,Mark Ballas,10.661538461538461,10.661538461538461,United States,14,20,Eliminated Week 7,7,6,6,6,7,8,8,8,8,8,8,8,8,10,9,10,10,8,8,9,9,9.5,8.5,9,9.5,9.5,9.5,9.5,10.5,0,0,0,0,0,0,0,0,0,0,0,0,,,,
Riker Lynch,Allison Holker,16.916666666666668,16.916666666666668,United States,23,20,2nd Place,2,8,7,8,8,8,8,8,8,9,7,9,9,8,8,9,9,10,9,9,10,10,8.5,9.5,10,9,10,9,9,10,9,10,10,10,10,10,10,10,10,10,10,,,,
Rumer Willis,Valentin Chmerkovskiy,0,0,United States,26,20,1st Place,1,8,8,8,8,8,8,8,8,8,9,8,8,9,8,9,9,10,9,10,10,9,8.5,8.5,9.5,8.5,9.5,9.5,9.5,10,10,10,10,10,9.5,9.5,10,10,10,10,10,,,,
Nastia Liukin,Derek Hough,13.261538461538462,13.261538461538462,Russia,25,20,Eliminated Week 9,4,7,7,8,8,9,8,8,9,9,8,9,8,9,8,9,10,9,9,10,10,9.5,8.5,9,9.5,10.75,9.75,9.75,10.75,9.5,9.5,9.5,9.5,10,10,10,10,0,0,0,0,,,,
Michael Sam,Peta Murgatroyd,2.7384615384615385,2.7384615384615385,United States,25,20,Eliminated Week 4,10,6,6,7,7,7,7,7,7,6,6,6,6,7,7,8,8,0,0,0,0,0,0,0,0,0,0,0,0,0,0,0,0,0,0,0,0,0,0,0,0,,,,
Robert Herjavec,Kym Johnson,6.723076923076923,6.723076923076923,Croatia,52,20,Eliminated Week 8,6,7,7,7,7,7,7,7,7,7,7,8,7,8,9,8,9,6,6,6,6,8.5,8,8.5,8.5,7,8,8,8,7.5,7.5,8.5,7.5,0,0,0,0,0,0,0,0,,,,
Charlotte McKinney,Keo Motsepe,2.8055555555555554,2.8055555555555554,United States,21,20,Eliminated Week 3,11,6,5,5,6,7,6,7,6,6,5,5,6,0,0,0,0,0,0,0,0,0,0,0,0,0,0,0,0,0,0,0,0,0,0,0,0,0,0,0,0,,,,
Noah Galloway,Sharna Burgess,0,0,United States,33,20,3rd Place,3,7,6,6,7,7,6,7,7,7,7,8,8,8,8,8,8,7,7,7,7,8.5,8,8.5,9,10.5,8.5,9.5,9.5,8,7.5,8,8,9.5,9.5,9.5,9.5,9,9,9,9,,,,
Redfoo,Emma Slater,0,0,United States,39,20,Eliminated Week 2,12,6,5,5,6,8,7,8,8,0,0,0,0,0,0,0,0,0,0,0,0,0,0,0,0,0,0,0,0,0,0,0,0,0,0,0,0,0,0,0,0,,,,
Patti LaBelle,Artem Chigvintsev,12.541666666666666,12.541666666666666,United States,70,20,Eliminated Week 6,8,7,6,6,6,7,7,7,7,6,5,5,6,8,7,7,8,7,6,7,7,9,8,8.5,8.5,0,0,0,0,0,0,0,0,0,0,0,0,0,0,0,0,,,,
Chris Soules,Witney Carson,6.676923076923077,6.676923076923077,United States,33,20,Eliminated Week 8,5,7,6,6,7,5,6,5,5,7,7,7,7,7,6,7,7,7,6,7,7,9,8,9,9,8,7,8,8,8,7.5,8.5,8,0,0,0,0,0,0,0,0,,,,
Gary Busey,Anna Trebunskaya,1.8867924528301887,1.8867924528301887,United States,71,21,Eliminated Week 4,10,5,5,5,,5.5,5.5,5.5,,6,7,6,6,5,6,5,,0,0,0,0,0,0,0,0,0,0,0,,0,0,0,,0,0,0,,0,0,0,,0,0,0,
Alexa PenaVega,Mark Ballas,10.661538461538461,10.661538461538461,United States,27,21,Eliminated Week 9,6,7,7,8,,7.5,7.5,8,,9,9,9,9,7,7,7,,10,10,10,10,8,7,7,8,9,9.5,9,,9.6666,8.6666,8.6666,,10,10,10,,0,0,0,,0,0,0,
Carlos PenaVega,Witney Carson,6.676923076923077,6.676923076923077,United States,26,21,Eliminated Week 11,4,8,8,7,,7.5,7.5,7.5,,7,8,8,8,9,8,8,,10,10,9,10,10,9,9,10,9,10,9,,9.6666,9.6666,9.6666,,9,9,9,,10,10.5,11,,10,10,10,
Victor Espinoza,Karina Smirnoff,4.907692307692308,4.907692307692308,Mexico,43,21,Eliminated Week 2,12,5,5,5,,6.5,5.5,6.5,,0,0,0,0,0,0,0,,0,0,0,0,0,0,0,0,0,0,0,,0,0,0,,0,0,0,,0,0,0,,0,0,0,
Alek Skarlatos,Lindsay Arnold,7.7846153846153845,7.7846153846153845,United States,22,21,3rd Place,3,8,7,7,,7.5,7,8,,8,8,9,8,8,8,8,,8,7,7,7,8,8,7,7,9,9,8.5,,9,8,8,,8.5,8.5,8.5,,9.5,9.5,9.5,,9.3333,9.3333,9.3333,
Chaka Khan,Keo Motsepe,2.8055555555555554,2.8055555555555554,United States,62,21,Eliminated Week 2,13,5,4,4,,5,5,5,,0,0,0,0,0,0,0,,0,0,0,0,0,0,0,0,0,0,0,,0,0,0,,0,0,0,,0,0,0,,0,0,0,
Andy Grammer,Allison Holker,16.916666666666668,16.916666666666668,United States,31,21,Eliminated Week 8,7,7,7,7,,7.5,7.5,7,,7,7,8,7,7,8,8,,9,9,9,9,10,10,10,10,9.5,9.5,9,,8.6666,7.6666,7.6666,,0,0,0,,0,0,0,,0,0,0,
Tamar Braxton,Valentin Chmerkovskiy,0,0,United States,38,21,Withdrew (Eliminated Week 9),5,8,7,8,,8,8,8.5,,8,9,8,8,9,9,9,,7,7,8,7,10,10,10,10,9,9,9,,9,9,10,,8.5,8,8,,0,0,0,,0,0,0,
Nick Carter,Sharna Burgess,0,0,United States,35,21,2nd Place,2,8,8,8,,7.5,7.5,7.5,,9,9,9,9,9,9,9,,9,9,8,9,9,10,10,10,9,9,9,,11,11,11,,9,9,9.5,,9,9,9,,10,10,10,
Hayes Grier,Emma Slater,0,0,United States,15,21,Eliminated Week 7,8,7,7,7,,8,7,7.5,,7,8,7,8,9,9,9,,8,8,7,7,8,8,8,8,9,9.5,9.5,,0,0,0,,0,0,0,,0,0,0,,0,0,0,
Bindi Irwin,Derek Hough,13.261538461538462,13.261538461538462,Australia,17,21,1st Place,1,8,8,8,,8,8,8,,8,8,8,8,9,9,10,,9,9,10,9,10,10,10,10,9.5,10,9.5,,10,9,9,,10,10,10,,10.5,10.5,10.5,,10,10,10,
Kim Zolciak-Biermann,Tony Dovolani,1.8867924528301887,1.8867924528301887,United States,37,21,Withdrew (Eliminated Week 2),11,4,4,4,,6.5,6,6,,0,0,0,0,0,0,0,,0,0,0,0,0,0,0,0,0,0,0,,0,0,0,,0,0,0,,0,0,0,,0,0,0,
Paula Deen,Louis van Amstel,0,0,United States,68,21,Eliminated Week 6,9,5,5,5,,6.5,6,6,,5,5,5,5,6,6,6,,7,7,6,6,6,6,6,6,0,0,0,,0,0,0,,0,0,0,,0,0,0,,0,0,0,
Mischa Barton,Artem Chigvintsev,12.541666666666666,12.541666666666666,England,30,22,Eliminated Week 3,11,5,5,6,,5,5,5,,6,6,6,,0,0,0,0,0,0,0,0,0,0,0,,0,0,0,,0,0,0,,0,0,0,,0,0,0,,,,,
Kim Fields,Sasha Farber,5.486111111111111,5.486111111111111,United States,46,22,Eliminated Week 7,8,7,6,7,,7,6,6,,8,7,7,,8,8,8,8,8,6,6,8,8,8,8,,8.5,8.5,9,,0,0,0,,0,0,0,,0,0,0,,,,,
Jodie Sweetin,Keo Motsepe,2.8055555555555554,2.8055555555555554,United States,34,22,Eliminated Week 8,6,7,6,7,,7,7,7,,8,7,8,,7,6,7,7,9,8,9,9,9,8,8,,8,8.5,9,,10,10,10,,0,0,0,,0,0,0,,,,,
Doug Flutie,Karina Smirnoff,4.907692307692308,4.907692307692308,United States,53,22,Eliminated Week 6,9,5,5,5,,7,6,7,,7,6,7,,6,6,6,6,7,7,7,7,7,7,7,,0,0,0,,0,0,0,,0,0,0,,0,0,0,,,,,
Von Miller,Witney Carson,6.676923076923077,6.676923076923077,United States,27,22,Eliminated Week 7,7,8,6,7,,7,6,7,,7,6,7,,8,8,8,8,8,7,7,7,8,8,8,,8.5,8.5,9,,0,0,0,,0,0,0,,0,0,0,,,,,
Antonio Brown,Sharna Burgess,0,0,United States,27,22,Eliminated Week 9,5,8,6,7,,6,6,7,,7,6,7,,9,8,9,9,7,6,6,7,9,9,9,,8.5,8.5,9,,9,9,9,,9,9,9.5,,0,0,0,,,,,
Paige VanZant,Mark Ballas,10.661538461538461,10.661538461538461,United States,22,22,2nd Place,2,7,7,7,,8,8,8,,8,7,8,,9,9,9,9,8,8,7,8,9,10,9,,9,9,9.5,,10,9,9,,10,9.5,10,,10,9.6666,10,,,,,
Geraldo Rivera,Edyta Sliwinska,0,0,United States,72,22,Eliminated Week 2,12,5,4,4,,5,4,4,,0,0,0,,0,0,0,0,0,0,0,0,0,0,0,,0,0,0,,0,0,0,,0,0,0,,0,0,0,,,,,
Nyle DiMarco,Peta Murgatroyd,2.7384615384615385,2.7384615384615385,United States,26,22,1st Place,1,8,7,8,,7,6,7,,8,8,9,,8,8,9,9,9,10,9,9,8,8,9,,9.5,9,9.5,,10,9,10,,9.5,9.5,9.5,,9.6666,9.6666,9.6666,,,,,
Ginger Zee,Valentin Chmerkovskiy,0,0,United States,35,22,3rd Place,3,8,7,8,,7,7,7,,7,7,7,,9,9,9,9,8,8,8,8,8,8,8,,9,9,9.5,,10,10,10,,9,9.5,9.5,,9.3333,9.6666,9.3333,,,,,
Wanya Morris,Lindsay Arnold,7.7846153846153845,7.7846153846153845,United States,42,22,Eliminated Week 9,4,8,7,8,,8,8,8,,8,8,8,,8,9,9,9,8,7,7,8,10,9,10,,9,9,9.5,,8,8,9,,10,10,10,,0,0,0,,,,,
Marla Maples,Tony Dovolani,1.8867924528301887,1.8867924528301887,United States,52,22,Eliminated Week 4,10,7,7,7,,7,6,7,,7,7,7,,7,7,7,7,0,0,0,0,0,0,0,,0,0,0,,0,0,0,,0,0,0,,0,0,0,,,,,
Jake T. Austin,Jenna Johnson,11.291666666666666,11.291666666666666,United States,21,23,Eliminated Week 2,13,5,6,5,6,6,6,6,6,0,0,0,0,0,0,0,,0,0,0,,0,0,0,0,0,0,0,0,0,0,0,,0,0,0,0,0,0,0,,0,0,0,0
Maureen McCormick,Artem Chigvintsev,12.541666666666666,12.541666666666666,United States,60,23,Eliminated Week 7,8,6,5,5,6,7,6,6,7,7,7,7,7,8,8,8,,8,8,8,,8,7,8,8,8.5,8,8,8.5,0,0,0,,0,0,0,0,0,0,0,,0,0,0,0
Marilu Henner,Derek Hough,13.261538461538462,13.261538461538462,United States,64,23,Eliminated Week 9,6,7,7,6,7,7,6,7,7,7,7,7,7,7,7,7,,9,9,9,,8,9,9,8,7.5,8,8.5,8,7,8,8,,9,9,9,9,0,0,0,,0,0,0,0
Ryan Lochte,Cheryl Burke,5.490566037735849,5.490566037735849,United States,32,23,Eliminated Week 8,7,6,6,6,6,6,6,6,6,6,7,6,6,7,7,8,,8,8,8,,7,8,8,7,8.5,8,8,8.5,8,9,9,,0,0,0,0,0,0,0,,0,0,0,0
Calvin Johnson Jr.,Lindsay Arnold,7.7846153846153845,7.7846153846153845,United States,30,23,3rd Place,3,7,6,6,7,7,7,7,7,8,8,8,8,8,7,8,,8,8,8,,9,10,9,9,9.5,9,9,9.5,10,10,10,,9,9,10,9,9,9.5,9.5,,9.3333,9.6666,9.6666,9.6666
Laurie Hernandez,Valentin Chmerkovskiy,0,0,United States,16,23,1st Place,1,8,8,7,8,8,8,8,8,7,8,8,8,10,10,10,,8,9,8,,9,9,9,10,8,8.5,9,9,11,11,11,,10,10,10,10,10,10,10,,9.6666,10,9.6666,10
Amber Rose,Maksim Chmerkoskiy,0,0,United States,32,23,Eliminated Week 6,9,6,6,6,6,6,6,6,6,7,6,6,6,8,8,8,,8,8,8,,7,7,7,7,0,0,0,0,0,0,0,,0,0,0,0,0,0,0,,0,0,0,0
Rick Perry,Emma Slater,0,0,United States,66,23,Eliminated Week 3,12,5,5,5,5,6,5,6,5,6,5,6,6,0,0,0,,0,0,0,,0,0,0,0,0,0,0,0,0,0,0,,0,0,0,0,0,0,0,,0,0,0,0
James Hinchcliffe,Sharna Burgess,0,0,Canada,29,23,2nd Place,2,8,8,7,8,7,7,7,8,7,7,8,7,9,9,10,,10,9,10,,10,9,9,10,9.5,9,9,9.5,11.6666,11.6666,11.6666,,9,9,9,9,9.5,10,10,,9.6666,9.6666,9.6666,10
Babyface,Allison Holker,16.916666666666668,16.916666666666668,United States,57,23,Eliminated Week 4,11,7,6,6,7,8,7,7,8,7,6,6,6,6,6,6,,0,0,0,,0,0,0,0,0,0,0,0,0,0,0,,0,0,0,0,0,0,0,,0,0,0,0
Vanilla Ice,Witney Carson,6.676923076923077,6.676923076923077,United States,48,23,Eliminated Week 4,10,7,5,6,7,6,7,6,7,6,6,5,6,8,7,8,,0,0,0,,0,0,0,0,0,0,0,0,0,0,0,,0,0,0,0,0,0,0,,0,0,0,0
Jana Kramer,Gleb Savchenko,9.723076923076922,9.723076923076922,United States,32,23,Eliminated Week 11,4,7,6,6,8,7,8,7,7,6,7,6,7,8,7,8,,9,8,9,,10,10,10,10,8,8.5,9,9,10,10,10,,10,10,10,10,9.5,9.5,10,,8.5,9,9,9
Terra Jole,Sasha Farber,5.486111111111111,5.486111111111111,United States,36,23,Eliminated Week 10,5,7,6,6,6,8,7,8,8,8,7,8,7,9,8,8,,9,9,9,,7,8,8,7,8.5,8.5,9,8.5,8,8,8,,10,10,9,9,10,10,10,,0,0,0,0
Charo,Keo Motsepe,2.8055555555555554,2.8055555555555554,Spain,66,24,Eliminated Week 3,11,6,5,5,5,6,6,7,6,6,6,6,6,0,0,0,0,0,0,0,0,0,0,0,0,0,0,0,0,0,0,0,0,0,0,0,0,0,0,0,0,,,,
Mr. T,Kym Herjavec,6.476923076923077,6.476923076923077,United States,64,24,Eliminated Week 4,10,5,5,5,5,6,5,6,5,6,6,6,6,7,7,7,7,0,0,0,0,0,0,0,0,0,0,0,0,0,0,0,0,0,0,0,0,0,0,0,0,,,,
Heather Morris,Maksim Chmerkoskiy,0,0,United States,30,24,Eliminated Week 6,8,7,7,7,7,8,6,8,8,9,8,8,8,8,9,9,9,8,8,9,9,9,9.5,9,9.5,0,0,0,0,0,0,0,0,0,0,0,0,0,0,0,0,,,,
Nancy Kerrigan,Artem Chigvintsev,12.541666666666666,12.541666666666666,United States,47,24,Eliminated Week 7,7,7,7,7,7,7,7,7,7,8,9,8,8,8,9,8,8,9,9,9,9,8.5,8.5,8,8.5,9,9,9,9,0,0,0,0,0,0,0,0,0,0,0,0,,,,
Bonner Bolton,Sharna Burgess,0,0,United States,29,24,Eliminated Week 8,5,6,5,5,6,8,5,8,7,6,6,6,6,8,8,8,8,7,8,8,7,8,8.5,7.5,7.5,7.5,7.5,8.5,7.5,7.5,7,7.5,7,0,0,0,0,0,0,0,0,,,,
Simone Biles,Sasha Farber,5.486111111111111,5.486111111111111,United States,20,24,Eliminated Week 9,4,8,8,8,8,7,7,7,8,7,8,9,8,9,9,9,9,9,9,10,10,8.5,8.5,8.5,9,10.5,9.5,9.5,9.5,9,9,9,9,10,10,10,10,0,0,0,0,,,,
David Ross,Lindsay Arnold,7.7846153846153845,7.7846153846153845,United States,40,24,2nd Place,2,7,7,7,7,7,6,7,7,8,7,8,8,7,8,8,8,7,7,8,7,7.5,8.5,7.5,7.5,8,8,8,8,8,8,8.5,8,9,8.5,9,8.5,9,9,9.3333,9,,,,
Rashad Jennings,Emma Slater,0,0,United States,32,24,1st Place,1,8,7,8,8,8,8,8,8,7,7,7,7,10,9,10,10,7,8,9,8,8.5,9.5,8.5,8.5,9.5,9.5,10.5,9.5,9.5,9,9.5,9.5,9.5,9,10,10,10,9.6666,10,10,,,,
Chris Kattan,Witney Carson,6.676923076923077,6.676923076923077,United States,46,24,Eliminated Week 2,12,5,4,4,4,6,5,6,5,0,0,0,0,0,0,0,0,0,0,0,0,0,0,0,0,0,0,0,0,0,0,0,0,0,0,0,0,0,0,0,0,,,,
Erika Jayne,Gleb Savchenko,9.723076923076922,9.723076923076922,United States,45,24,Eliminated Week 5,9,6,6,6,6,7,7,7,7,6,7,7,6,8,7,7,8,8,8,8,8,0,0,0,0,0,0,0,0,0,0,0,0,0,0,0,0,0,0,0,0,,,,
Normani,Valentin Chmerkovskiy,0,0,United States,20,24,3rd Place,3,7,6,7,7,8,8,8,8,8,8,9,9,8,7,8,9,10,9,10,10,9,9.5,8,9.5,10.5,10.5,10.5,10.5,10,9.5,10,10,9.5,9.5,9.5,9.5,10,9.6666,9.6666,10,,,,
Nick Viall,Peta Murgatroyd,2.7384615384615385,2.7384615384615385,United States,36,24,Eliminated Week 7,6,6,6,6,6,7,5,7,6,7,6,7,6,8,7,8,7,9,8,9,8,7.5,8,7.5,7.5,8,8,9,9,0,0,0,0,0,0,0,0,0,0,0,0,,,,
Sasha Pieterse,Gleb Savchenko,9.723076923076922,9.723076923076922,South Africa,21,25,Eliminated Week 5,10,6,6,6,,8,7.5,7,,7,6,6,,8,8,8,,8,8,8,,0,0,0,0,0,0,0,,0,0,0,,0,0,0,,0,0,0,0,,,,
Frankie Muniz,Witney Carson,6.676923076923077,6.676923076923077,United States,31,25,3rd Place,3,7,6,6,,8,7.5,8.5,,7,7,7,,8,8,8,,10,9,10,,7,8,8,8,10,10,10,,9,8.5,9,,8.5,8,9,,9.7777,9.3333,9.7777,10,,,,
Jordan Fisher,Lindsay Arnold,7.7846153846153845,7.7846153846153845,United States,23,25,1st Place,1,8,7,7,,8,8,8,,9,7,9,,10,9,10,,10,10,10,,10,9,10,10,9,9,9,,10,10,10,,9.5,9.5,10,,10,10,10,10,,,,
Derek Fisher,Sharna Burgess,0,0,United States,43,25,Eliminated Week 4,11,6,6,6,,6.5,6,6.5,,7,7,7,,7,8,8,,0,0,0,,0,0,0,0,0,0,0,,0,0,0,,0,0,0,,0,0,0,0,,,,
Nikki Bella,Artem Chigvintsev,12.541666666666666,12.541666666666666,United States,33,25,Eliminated Week 7,8,7,7,6,,6.5,6.5,6.5,,7,7,7,,8,8,8,,9,9,9,,9,9,9,9,8,8,8,,0,0,0,,0,0,0,,0,0,0,0,,,,
Terrell Owens,Cheryl Burke,5.490566037735849,5.490566037735849,United States,43,25,Eliminated Week 8,6,5,5,5,,6.5,6,7,,7,7,7,,8,8,8,,9,8,8,,9,9,10,9,8,8,8.5,,8.5,8.5,8.5,,0,0,0,,0,0,0,0,,,,
Victoria Arlen,Valentin Chmerkovskiy,0,0,United States,22,25,Eliminated Week 9,5,7,6,6,,7.5,7,7.5,,8,7,7,,9,9,9,,9,9,9,,8,8,7,8,9.5,9.5,9.5,,8,8,8,,9,9.5,9.5,,0,0,0,0,,,,
Barbara Corcoran,Keo Motsepe,2.8055555555555554,2.8055555555555554,United States,68,25,Eliminated Week 2,13,5,4,5,,6,5,6,,0,0,0,,0,0,0,,0,0,0,,0,0,0,0,0,0,0,,0,0,0,,0,0,0,,0,0,0,0,,,,
Lindsey Stirling,Mark Ballas,10.661538461538461,10.661538461538461,United States,31,25,2nd Place,2,7,8,7,,7.5,7.5,7.5,,9,9,9,,9,8,9,,9,10,9,,10,10,10,10,8.5,8.5,8.5,,9.5,8.5,9,,9.5,9,10,,10,10,10,10,,,,
Debbie Gibson,Alan Bersten,5.846153846153846,5.846153846153846,United States,47,25,Eliminated Week 2,12,6,5,6,,7,6.5,7,,0,0,0,,0,0,0,,0,0,0,,0,0,0,0,0,0,0,,0,0,0,,0,0,0,,0,0,0,0,,,,
Nick Lachey,Peta Murgatroyd,2.7384615384615385,2.7384615384615385,United States,43,25,Eliminated Week 6,9,6,6,6,,7,6,6,,7,7,7,,8,7,7,,7,8,7,,7,6,7,6,0,0,0,,0,0,0,,0,0,0,,0,0,0,0,,,,
Drew Scott,Emma Slater,0,0,Canada,39,25,Eliminated Week 10,4,6,5,5,,7,6.5,7,,8,7,8,,8,8,8,,9,8,8,,7,7,9,7,9.5,9.5,9.5,,8,7.5,8,,8,8,8,,9,9.5,9.5,9.5,,,,
Vanessa Lachey,Maksim Chmerkoskiy,0,0,Philippines,36,25,Eliminated Week 7,7,7,7,7,,8,8,7.5,,7,8,8,,8,8,8,,8,8,8,,9,9,9,9,9,9,9,,0,0,0,,0,0,0,,0,0,0,0,,,,
Jamie Anderson,Artem Chigvintsev,12.541666666666666,12.541666666666666,United States,27,26,Eliminated Week 1,10,6,7,6,,0,0,0,0,0,0,0,0,0,0,0,,,,,,,,,,,,,,,,,,,,,,,,,,,,,
Johnny Damon,Emma Slater,0,0,United States,44,26,Eliminated Week 1,9,6,6,6,,0,0,0,0,0,0,0,0,0,0,0,,,,,,,,,,,,,,,,,,,,,,,,,,,,,
Kareem Abdul-Jabbar,Lindsay Arnold,7.7846153846153845,7.7846153846153845,United States,71,26,Eliminated Week 2,8,6,5,6,,7.5,8,7,7,0,0,0,0,0,0,0,,,,,,,,,,,,,,,,,,,,,,,,,,,,,
Arike Ogunbowale,Gleb Savchenko,9.723076923076922,9.723076923076922,United States,21,26,Eliminated Week 2,7,7,6,7,,8.5,9.5,8.5,8.5,0,0,0,0,0,0,0,,,,,,,,,,,,,,,,,,,,,,,,,,,,,
Jennie Finch Daigle,Keo Motsepe,2.8055555555555554,2.8055555555555554,United States,37,26,Eliminated Week 3,6,7,7,7,,7.5,8.5,8,7.5,7,8,7,7,0,0,0,,,,,,,,,,,,,,,,,,,,,,,,,,,,,
Chris Mazdzer,Witney Carson,6.676923076923077,6.676923076923077,United States,29,26,Eliminated Week 3,5,7,7,7,,8.5,8.5,8,8,8,9,7,9,0,0,0,,,,,,,,,,,,,,,,,,,,,,,,,,,,,
Mirai Nagasu,Alan Bersten,5.846153846153846,5.846153846153846,United States,25,26,Eliminated Week 3,4,7,8,8,,9,10,9,9,9,9,8,9,0,0,0,,,,,,,,,,,,,,,,,,,,,,,,,,,,,
Tonya Harding,Sasha Farber,5.486111111111111,5.486111111111111,United States,47,26,3rd Place,3,8,8,7,,8,9,8,8,8.5,9.5,8.5,8.5,9,9.5,9.5,,,,,,,,,,,,,,,,,,,,,,,,,,,,,
Josh Norman,Sharna Burgess,0,0,United States,30,26,2nd Place,2,8,8,8,,7.5,8,8,8,9.5,9.5,9.5,9.5,9.5,9.5,9.5,,,,,,,,,,,,,,,,,,,,,,,,,,,,,
Adam Rippon,Jenna Johnson,11.291666666666666,11.291666666666666,United States,28,26,1st Place,1,8,8,8,,9,9.5,9,9.5,10.5,10.5,9.5,10.5,9.5,9.5,10,,,,,,,,,,,,,,,,,,,,,,,,,,,,,
Juan Pablo Di Pace,Cheryl Burke,5.490566037735849,5.490566037735849,Argentina,39,27,Eliminated Week 8,5,7,7,8,,9,8,9,,10,10,10,,8,8,8,,10,9,10,,10,10,10,,9.5,9,9.5,,10,10,10,,0,0,0,,,,,,,,,
Evanna Lynch,Keo Motsepe,2.8055555555555554,2.8055555555555554,Ireland,27,27,3rd Place,3,7,5,6,,8,8,8,,9,9,9,,8,8,8,,8,8,8,,10,9,10,,10,9.5,10,,10,9.5,9.5,,10,10,10,,,,,,,,,
Nancy McKeon,Valentin Chmerkovskiy,0,0,United States,52,27,Eliminated Week 3,11,6.5,6.5,6.5,,7,6.5,7,,8,7,7,,0,0,0,,0,0,0,,0,0,0,,0,0,0,,0,0,0,,0,0,0,,,,,,,,,
John Schneider,Emma Slater,0,0,United States,58,27,Eliminated Week 7,8,7,5,6,,7.5,6.5,7.5,,7,7,7,,7,7,7,,8,8,8,,6,7,6,,9,9,9,,0,0,0,,0,0,0,,,,,,,,,
Milo Manheim,Witney Carson,6.676923076923077,6.676923076923077,United States,17,27,2nd Place,2,7,6,7,,9,8,9,,9,9,9,,10,9,10,,9,8,10,,10,10,10,,10,9,10,,9,9,9.5,,10,10,10,,,,,,,,,
Danelle Umstead,Artem Chigvintsev,12.541666666666666,12.541666666666666,United States,46,27,Eliminated Week 2,12,6,6,6,,6.5,6,6,,0,0,0,,0,0,0,,0,0,0,,0,0,0,,0,0,0,,0,0,0,,0,0,0,,,,,,,,,
Mary Lou Retton,Sasha Farber,5.486111111111111,5.486111111111111,United States,50,27,Eliminated Week 6,9,6.5,7,6.5,,8,7.5,7.5,,8,8,8,,9,8,9,,9,8,8,,8,8,8,,0,0,0,,0,0,0,,0,0,0,,,,,,,,,
DeMarcus Ware,Lindsay Arnold,7.7846153846153845,7.7846153846153845,United States,36,27,Eliminated Week 7,7,8,7,8,,8,7.5,8,,9,8,9,,7,7,8,,9,8,9,,8,9,9,,9,8.5,9,,0,0,0,,0,0,0,,,,,,,,,
Nikki Glaser,Gleb Savchenko,9.723076923076922,9.723076923076922,United States,34,27,Eliminated Week 1,13,6,5.5,6,,0,0,0,,0,0,0,,0,0,0,,0,0,0,,0,0,0,,0,0,0,,0,0,0,,0,0,0,,,,,,,,,
Bobby Bones,Sharna Burgess,0,0,United States,38,27,1st Place,1,7,6,7,,7,6,6.5,,8,7,8,,7,6,7,,7,7,7,,8,7,7,,9,8.5,9,,7.5,7.5,7.5,,9,9,9,,,,,,,,,
Tinashe,Brandon Armstrong,6.964912280701754,6.964912280701754,United States,25,27,Eliminated Week 4,10,8,7,8,,9,8,9,,9,9,9,,9,8,9,,0,0,0,,0,0,0,,0,0,0,,0,0,0,,0,0,0,,,,,,,,,
Alexis Ren,Alan Bersten,5.846153846153846,5.846153846153846,United States,21,27,4th Place,4,7,7.5,7.5,,8,8.5,8,,9,8,9,,8,8,9,,10,9,10,,9,9,9,,9,9,9.5,,9.5,9.5,10,,9.5,9.5,9.5,,,,,,,,,
Joe Amabile,Jenna Johnson,11.291666666666666,11.291666666666666,United States,32,27,Eliminated Week 8,6,5,4,5,,5.5,6,6,,6,6,6,,5,5,5,,6,5,6,,8,7,7,,8,7.5,8,,8,7.5,7.5,,0,0,0,,,,,,,,,
Kate Flannery,Pasha Pashkov,4.647887323943662,4.647887323943662,United States,55,28,Eliminated Week 8,7,5,5,5,,7,7,7,,8,8,8,,7,7,6,6,8,8,8,,9,9,9,,8,8,8,,8.6666,8.6666,8.6666,,0,0,0,0,0,0,0,,0,0,0,
James Van Der Beek,Emma Slater,0,0,United States,42,28,Eliminated Week 10,5,7,7,7,,7,6,7,,8,7,8,,7,7,7,7,9,8,9,,9,9,9,,9,9,9,,10.6666,10.6666,10.6666,,9,8.5,9.5,9,8.5,8.5,8.5,,0,0,0,
Kel Mitchell,Witney Carson,6.676923076923077,6.676923076923077,United States,41,28,2nd Place,2,6,5,5,,7,6,7,,7,6,7,,8,8,8,8,9,8,9,,9,8,9,,8.5,8.5,8.5,,9.6666,9.6666,10.6666,,9,9,9.5,9.5,9.5,9.5,9.5,,10,9.5,10,
Ray Lewis,Cheryl Burke,5.490566037735849,5.490566037735849,United States,44,28,Withdrew (Eliminated Week 2),11,5,5,5,,5,5,5,,0,0,0,,0,0,0,0,0,0,0,,0,0,0,,0,0,0,,0,0,0,,0,0,0,0,0,0,0,,0,0,0,
Lamar Odom,Peta Murgatroyd,2.7384615384615385,2.7384615384615385,United States,39,28,Eliminated Week 4,10,5,3,3,,4,4,4,,4,4,4,,5,7,4,4,0,0,0,,0,0,0,,0,0,0,,0,0,0,,0,0,0,0,0,0,0,,0,0,0,
Sailor Brinkley-Cook,Valentin Chmerkovskiy,0,0,United States,21,28,Eliminated Week 6,9,6,6,6,,6,6,6,,7,8,8,,7,8,8,8,8,8,8,,9,9,9,,0,0,0,,0,0,0,,0,0,0,0,0,0,0,,0,0,0,
Sean Spicer,Lindsay Arnold,7.7846153846153845,7.7846153846153845,United States,48,28,Eliminated Week 9,6,4,4,4,,6,5,5,,5,5,5,,5,6,5,5,7,6,6,,7,7,7,,7,7,7,,7,7,6,,6.5,6,6.5,6,0,0,0,,0,0,0,
Mary Wilson,Brandon Armstrong,6.964912280701754,6.964912280701754,United States,75,28,Eliminated Week 2,12,6,5,6,,5,5,5,,0,0,0,,0,0,0,0,0,0,0,,0,0,0,,0,0,0,,0,0,0,,0,0,0,0,0,0,0,,0,0,0,
Lauren Alaina,Gleb Savchenko,9.723076923076922,9.723076923076922,United States,24,28,4th Place,4,7,6,6,,6,6,7,,6,7,7,,8,8,8,8,8,7,8,,9,8,9,,9,9,9,,8,8,8,,9,9,8.5,8.5,9,9,9,,9.5,9.5,9.5,
Ally Brooke,Sasha Farber,5.486111111111111,5.486111111111111,United States,26,28,3rd Place,3,5,5,6,,7,6,7,,8,8,8,,8,8,8,8,9,9,9,,8,9,8,,9,9,9,,10,10,10,,10,10,10,10,10,9.5,10,,10,10,10,
Karamo Brown,Jenna Johnson,11.291666666666666,11.291666666666666,United States,38,28,Eliminated Week 7,8,6,5,6,,7,5,7,,5,5,6,,7,7,7,7,7,7,7,,9,8,8,,8.5,8,8,,0,0,0,,0,0,0,0,0,0,0,,0,0,0,
Hannah Brown,Alan Bersten,5.846153846153846,5.846153846153846,United States,24,28,1st Place,1,7,7,6,,8,8,8,,7,7,7,,8,8,8,8,9,7,9,,8,8,8,,8.5,9,8.5,,10.6666,9.6666,10.6666,,9,8.5,9,9,9,9,9,,10,9.5,9.5,
Anne Heche,Keo Motsepe,2.8055555555555554,2.8055555555555554,United States,51,29,Eliminated Week 4,13,6,6,6,,6,6,6,,5,5,5,,7,7,7,,0,0,0,,0,0,0,,0,0,0,,0,0,0,,0,0,0,,0,0,0,,0,0,0,
Jesse Metcalfe,Sharna Burgess,0,0,United States,41,29,Eliminated Week 5,12,6,6,6,,7,7,6,,7,6,7,,7,7,7,,7,6,6,,0,0,0,,0,0,0,,0,0,0,,0,0,0,,0,0,0,,0,0,0,
Chrishell Stause,Gleb Savchenko,9.723076923076922,9.723076923076922,United States,39,29,Eliminated Week 8,8,4,5,4,,6,6,6,,7,7,8,,7,8,7,,6,6,7,,8,8,8,,9,9,8,,9,9,9,,0,0,0,,0,0,0,,0,0,0,
Skai Jackson,Alan Bersten,5.846153846153846,5.846153846153846,United States,18,29,Eliminated Week 10,5,7,7,7,,5,5,5,,6,6,6,,10,9,9,,8,8,8,,6,6,6,,9,9,9,,8.6666,9.6666,8.6666,,9.6666,9.6666,9.6666,,9.5,9.5,9.5,,0,0,0,
Justina Machado,Sasha Farber,5.486111111111111,5.486111111111111,United States,48,29,4th Place,4,7,7,7,,7,7,7,,7,6,6,,8,8,8,,8,8,8,,9,9,9,,9,9,8,,9.6666,9.6666,9.6666,,8.6666,8.6666,8.6666,,9.5,10,9.5,,10,10,10,
Charles Oakley,Emma Slater,0,0,United States,56,29,Eliminated Week 2,15,4,4,4,,5,5,5,,0,0,0,,0,0,0,,0,0,0,,0,0,0,,0,0,0,,0,0,0,,0,0,0,,0,0,0,,0,0,0,
Veron Davis,Peta Murgatroyd,2.7384615384615385,2.7384615384615385,United States,36,29,Eliminated Week 6,11,5,6,6,,6,6,6,,8,7,7,,8,7,7,,7,7,7,,7,7,7,,0,0,0,,0,0,0,,0,0,0,,0,0,0,,0,0,0,
Johnny Weir,Britt Stewart,6.661971830985915,6.661971830985915,United States,36,29,Eliminated Week 10,6,6,6,6,,6,6,6,,8,8,8,,8,8,8,,10,10,9,,7,8,7,,9,9,9,,10,10,10,,10,10,10,,9.5,9.5,9.5,,0,0,0,
Nev Schulman,Jenna Johnson,11.291666666666666,11.291666666666666,United States,35,29,2nd Place,2,7,7,6,,7,7,7,,8,8,8,,8,8,8,,8,9,9,,9,9,8,,10,10,10,,10,10,10,,9.6666,9.6666,9.6666,,10,10,10,,10,10,10,
AJ McLean,Cheryl Burke,5.490566037735849,5.490566037735849,United States,42,29,Eliminated Week 9,7,6,6,6,,7,6,6,,7,7,7,,8,8,8,,8,8,8,,9,9,9,,9,8,9,,9,9,9,,7.6666,8.6666,8.6666,,0,0,0,,0,0,0,
Nelly,Daniella Karagach,13.23943661971831,13.23943661971831,United States,45,29,3rd Place,3,5,5,6,,6,6,6,,6,6,6,,7,7,7,,8,8,8,,8,8,8,,9,9,9,,8,8,8,,8,8,8,,9.5,9,9.5,,9.5,9.5,9.5,
Kaitlyn Bristowe,Artem Chigvintsev,12.541666666666666,12.541666666666666,Canada,35,29,1st Place,1,6,7,7,,7,8,7,,8,7,8,,9,8,8,,9,9,9,,9,9,9,,7,9,8,,9,10,9,,10,10,10,,10,10,10,,10,10,10,
Carole Baskin,Pasha Pashkov,4.647887323943662,4.647887323943662,United States,59,29,Eliminated Week 3,14,4,4,3,,6,5,5,,5,4,3,,0,0,0,,0,0,0,,0,0,0,,0,0,0,,0,0,0,,0,0,0,,0,0,0,,0,0,0,
Monica Aldama,Valentin Chmerkovskiy,0,0,United States,48,29,Eliminated Week 7,10,6,7,6,,5,6,5,,7,7,7,,8,8,8,,9,9,8,,9,9,9,,7,8,7,,0,0,0,,0,0,0,,0,0,0,,0,0,0,
Jeannie Mai,Brandon Armstrong,6.964912280701754,6.964912280701754,United States,41,29,Withdrew (Eliminated Week 7),9,6,6,6,,6,6,6,,7,7,8,,7,7,7,,8,8,8,,8,8,9,,8,9,8,,0,0,0,,0,0,0,,0,0,0,,0,0,0,
Martin Kove,Britt Stewart,6.661971830985915,6.661971830985915,United States,75,30,Eliminated Week 2,15,4,3,3,3,4,3,4,4,0,0,0,,0,0,0,0,0,0,0,0,0,0,0,0,0,0,0,0,0,0,0,0,0,0,0,0,0,0,0,0,,,,
Brian Austin Green,Sharna Burgess,0,0,United States,48,30,Eliminated Week 4,13,6,6,6,6,6,5,6,6,7,6,6,,6.5,6,7,6.5,0,0,0,0,0,0,0,0,0,0,0,0,0,0,0,0,0,0,0,0,0,0,0,0,,,,
Melora Hardin,Artem Chigvintsev,12.541666666666666,12.541666666666666,United States,54,30,Eliminated Week 9,6,7,6,7,6,7,6,7,7,8,7,8,,9,9.5,9,9,9,9,9,9,8,9,8,9,9.5,9.5,9.5,9.5,10.5,10.5,10.5,10.5,8.5,9.5,9,9,0,0,0,0,,,,
Matt James,Lindsay Arnold,7.7846153846153845,7.7846153846153845,United States,29,30,Eliminated Week 4,12,6,6,6,6,5,5,6,6,7,6,7,,7,6.5,7.5,7.5,0,0,0,0,0,0,0,0,0,0,0,0,0,0,0,0,0,0,0,0,0,0,0,0,,,,
Mike "The Miz" Mizanin,Witney Carson,6.676923076923077,6.676923076923077,United States,40,30,Eliminated Week 7,9,6,6,6,6,7,5,7,7,7,7,8,,8.5,7.5,8.5,8,8,8,8,8,9,8,9,8,8,8,8,8,0,0,0,0,0,0,0,0,0,0,0,0,,,,
Suni Lee,Sasha Farber,5.486111111111111,5.486111111111111,United States,18,30,Eliminated Week 9,5,7,7,7,7,7,7,7,7,7,7,7,,8.5,8,9,8.5,9,9,9,9,9,9,9,9,8.25,8.25,8.25,9.25,10.5,10.5,10.5,10.5,10,9,9.5,9,0,0,0,0,,,,
Iman Shumpert,Daniella Karagach,13.23943661971831,13.23943661971831,United States,31,30,1st Place,1,7,4,5,5,7,6,6,6,7,6,6,,8.5,6.5,8.5,8,7,7,7,7,10,10,10,10,9.5,7.5,8.5,8.5,9,8,9,9,9.5,9,10,9,10,10,10,10,,,,
Cody Rigsby,Cheryl Burke,5.490566037735849,5.490566037735849,United States,34,30,3rd Place,3,6,6,6,6,6,6,6,6,6,6,6,,7.5,6.5,7.5,7.5,8,8,8,8,9,9,9,9,8.5,8.5,9.5,9.5,10,10,9,9,9,9,8.5,9,9.5,9.5,9.5,9.5,,,,
Melanie C,Gleb Savchenko,9.723076923076922,9.723076923076922,England,47,30,Eliminated Week 5,11,7,7,6,7,7,7,8,8,7,7,8,,8,8,8.5,8.5,9,9,9,9,0,0,0,0,0,0,0,0,0,0,0,0,0,0,0,0,0,0,0,0,,,,
Jimmie Allen,Emma Slater,0,0,United States,36,30,Eliminated Week 8,7,6,5,6,5,7,6,7,7,6,6,8,,8.5,7.5,8.5,8,8,8,9,9,10,9,10,9,9,9,10,10,8,8,8,8,0,0,0,0,0,0,0,0,,,,
Olivia Jade,Valentin Chmerkovskiy,0,0,United States,21,30,Eliminated Week 8,8,7,6,6,6,7,6,7,7,8,8,8,,8,9,9,9,9,9,9,9,9,9,9,9,11,9,11,11,9,9,9,9,0,0,0,0,0,0,0,0,,,,
JoJo Siwa,Jenna Johnson,11.291666666666666,11.291666666666666,United States,18,30,2nd Place,2,8,7,7,7,8,8,7,8,8,8,8,,8.5,8.5,9,9,10,10,10,10,10,10,10,10,10,9,10,10,10.5,9.5,10.5,10.5,10,10,10,10,10,10,10,10,,,,
Christine Chiu,Pasha Pashkov,4.647887323943662,4.647887323943662,Taiwan China,38,30,Eliminated Week 3,14,6,7,6,6,6,6,6,6,7,7,7,,0,0,0,0,0,0,0,0,0,0,0,0,0,0,0,0,0,0,0,0,0,0,0,0,0,0,0,0,,,,
Kenya Moore,Brandon Armstrong,6.964912280701754,6.964912280701754,United States,50,30,Eliminated Week 6,10,7,6,6,7,6,6,6,6,7,7,7,,7,7,8,7.5,9,9,9,9,8,8,8,8,0,0,0,0,0,0,0,0,0,0,0,0,0,0,0,0,,,,
Amanda Kloots,Alan Bersten,5.846153846153846,5.846153846153846,United States,39,30,4th Place,4,7,7,7,7,8,8,8,8,8,8,8,,8.5,8.5,8.5,8.5,10,10,9,10,9,9,10,10,8.25,8.25,8.25,9.25,10.5,10.5,10.5,10.5,9.5,10,10,10,9.5,10,9.5,10,,,,
Jason Lewis,Peta Murgatroyd,2.7384615384615385,2.7384615384615385,United States,51,31,Eliminated Week 1,16,5,4,4,5,0,0,0,0,0,0,0,0,0,0,0,0,0,0,0,0,0,0,0,0,0,0,0,0,0,0,0,0,0,0,0,0,0,0,0,0,,,,
Cheryl Ladd,Louis van Amstel,0,0,United States,71,31,Eliminated Week 3,14,6,5,5,5,5,6,5,5,6,6,6,6,0,0,0,0,0,0,0,0,0,0,0,0,0,0,0,0,0,0,0,0,0,0,0,0,0,0,0,0,,,,
Selma Blair,Sasha Farber,5.486111111111111,5.486111111111111,United States,50,31,Withdrew (Eliminated Week 5),12,7,7,7,7,7,7,7,7,7,7,7,7,8,8,8,8,10,10,10,10,0,0,0,0,0,0,0,0,0,0,0,0,0,0,0,0,0,0,0,0,,,,
Joseph Baena,Daniella Karagach,13.23943661971831,13.23943661971831,United States,24,31,Eliminated Week 5,11,6,5,6,6,6,6,6,6,8,7,7,7,7,7,7,7,9,8.5,9,8.5,0,0,0,0,0,0,0,0,0,0,0,0,0,0,0,0,0,0,0,0,,,,
Trevor Donovan,Emma Slater,0,0,United States,39,31,Eliminated Week 9,6,5,5,5,6,7,7,8,8,7,6,7,7,7,7,7,7,9,9,9,9,9,8,8,9,10,9,10,10,9.25,10.25,9.25,10.25,8.5,8,8,8,0,0,0,0,,,,
Daniel Durant,Britt Stewart,6.661971830985915,6.661971830985915,United States,32,31,Eliminated Week 9,5,7,6,7,7,7,7,7,8,8,7,8,8,7,7,7,8,8.125,8.125,8.625,8.625,9,8,8,9,9,8.5,9.5,9.5,10,9,10,10,9,8,9,8.5,0,0,0,0,,,,
Wayne Brady,Witney Carson,6.676923076923077,6.676923076923077,United States,50,31,3rd Place,3,7,7,7,8,8,8,8,8,8,8,8,9,9,9,9,9,10.125,10.125,10.125,10.625,8,9,8,9,9.5,9,9.5,10,11.25,11.25,11.25,11.25,9.5,9,9,9,9.5,9.5,9.5,9.5,,,,
Sam Champion,Cheryl Burke,5.490566037735849,5.490566037735849,United States,61,31,Eliminated Week 4,13,5,5,5,5,6,6,7,7,6,6,6,7,7,6,6,6,0,0,0,0,0,0,0,0,0,0,0,0,0,0,0,0,0,0,0,0,0,0,0,0,,,,
Jessie James Decker,Alan Bersten,5.846153846153846,5.846153846153846,Italy,34,31,Eliminated Week 6,10,5,5,5,5,7,6,6,6,6,6,7,7,8,7,8,8,8.875,8.875,9.375,8.875,8,8,8,8,0,0,0,0,0,0,0,0,0,0,0,0,0,0,0,0,,,,
Jordin Sparks,Brandon Armstrong,6.964912280701754,6.964912280701754,United States,32,31,Eliminated Week 7,9,7,6,6,7,7,6,7,7,7,7,7,8,9,8,8,9,8.875,8.375,8.875,9.375,9,8,8,9,8.5,9,8.5,8.5,0,0,0,0,0,0,0,0,0,0,0,0,,,,
Heidi D'Amelio,Artem Chigvintsev,12.541666666666666,12.541666666666666,United States,50,31,Eliminated Week 8,8,6,6,6,6,7,7,7,7,8,8,8,8,9,8,8,9,9.625,10.125,9.625,9.625,9,9,9,9,8.5,9,9,8.5,9,8,9,9,0,0,0,0,0,0,0,0,,,,
Charli D'Amelio,Mark Ballas,10.661538461538461,10.661538461538461,United States,18,31,1st Place,1,8,8,8,8,8,8,8,8,8,8,8,9,9,9,9,9,10.375,10.375,10.375,10.875,10,10,10,10,9.5,9.5,10,10,11.25,11.25,11.25,11.25,10,10,10,10,10,10,10,10,,,,
Teresa Giudice,Pasha Pashkov,4.647887323943662,4.647887323943662,United States,50,31,Eliminated Week 2,15,5,5,5,5,6,5,6,6,0,0,0,0,0,0,0,0,0,0,0,0,0,0,0,0,0,0,0,0,0,0,0,0,0,0,0,0,0,0,0,0,,,,
Vinny Guadagnino,Koko Iwasaki,6.640625,6.640625,United States,34,31,Eliminated Week 8,7,4,4,5,4,7,6,7,7,6,5,6,6,8,7,7,7,7.75,7.75,7.75,7.75,7,7,7,7,7.5,8,8,8,8,7,7,7,0,0,0,0,0,0,0,0,,,,
Shangela,Gleb Savchenko,9.723076923076922,9.723076923076922,United States,40,31,4th Place,4,7,7,7,7,7,7,7,7,8,7,7,8,8,8,8,8,9.75,9.25,9.75,9.75,9,9,9,9,9,9.5,9,9,11.25,10.25,10.25,10.25,9.5,9,9,9,9.5,9.5,9.5,9.5,,,,
Gabby Windey,Valentin Chmerkovskiy,0,0,United States,31,31,2nd Place,2,7,7,7,7,8,8,8,8,8,8,8,9,9,9,9,9,10.25,10.25,10.25,10.25,9,9,9,10,9,9,8.5,9,10,10,10,10,10,10,10,10,10,10,10,10,,,,
Jamie Lynn Spears,Alan Bersten,5.846153846153846,5.846153846153846,United States,32,32,Eliminated Week 2,13,5,5,5,,6,5,5,,0,0,0,0,0,0,0,,0,0,0,,0,0,0,0,0,0,0,0,0,0,0,0,0,0,0,0,0,0,0,,0,0,0,
Mira Sorvino,Gleb Savchenko,9.723076923076922,9.723076923076922,United States,55,32,Eliminated Week 5,10,6,5,6,,6,6,6,,6,6,7,7,7,7,7,,7,8,7,,0,0,0,0,0,0,0,0,0,0,0,0,0,0,0,0,0,0,0,,0,0,0,
Barry Williams,Peta Murgatroyd,2.7384615384615385,2.7384615384615385,United States,68,32,Eliminated Week 8,7,6,5,5,,5,5,5,,6,6,7,6,6,6,6,,8,8,8,,8.25,7.25,8.25,8.25,8,8,8.5,8,8.75,8.75,8.75,8.75,0,0,0,0,0,0,0,,0,0,0,
Alyson Hannigan,Sasha Farber,5.486111111111111,5.486111111111111,United States,49,32,5th Place,5,5,4,4,,7,6,6,,6,6,6,6,6,6,6,,7,7,7,,7.5,7.5,7.5,8.5,8.5,8.5,9.5,8.5,8.75,8.75,9.75,8.75,7.75,7.75,8.75,7.75,8.5,8.5,8.5,,9,8.5,9,
Xochitl Gomez,Valentin Chmerkovskiy,0,0,United States,17,32,1st Place,1,6,6,6,,8,8,8,,8,8,8,8,9,9,9,,9,10,9,,10.25,10.25,11.25,10.25,9.5,9,9.5,9,10,10,10,10,9.75,9.75,10.75,10.75,10,10,10,,10,10,10,
Adrian Peterson,Britt Stewart,6.661971830985915,6.661971830985915,United States,38,32,Eliminated Week 4,11,6,6,6,,5,5,5,,5,5,6,6,7,7,7,,0,0,0,,0,0,0,0,0,0,0,0,0,0,0,0,0,0,0,0,0,0,0,,0,0,0,
Matt Walsh,Koko Iwasaki,6.640625,6.640625,United States,58,32,Eliminated Week 1,14,4,4,4,,0,0,0,,0,0,0,0,0,0,0,,0,0,0,,0,0,0,0,0,0,0,0,0,0,0,0,0,0,0,0,0,0,0,,0,0,0,
Tyson Beckford,Jenna Johnson,11.291666666666666,11.291666666666666,United States,52,32,Eliminated Week 3,12,4,4,4,,6,6,6,,5,5,5,5,0,0,0,,0,0,0,,0,0,0,0,0,0,0,0,0,0,0,0,0,0,0,0,0,0,0,,0,0,0,
Jason Mraz,Daniella Karagach,13.23943661971831,13.23943661971831,United States,46,32,2nd Place,2,7,7,7,,8,8,8,,9,8,9,8,8,8,8,,9,9,9,,9.75,9.75,9.75,9.75,8.5,8.5,10,9,8,9,8,8,10.75,10.75,10.75,10.75,9.5,9.5,9.5,,10,10,10,
Lele Pons,Brandon Armstrong,6.964912280701754,6.964912280701754,Venezuela,27,32,Eliminated Week 7,8,6,7,6,,7,7,7,,7,6,7,7,7,7,8,,8,8,8,,9,9,9,10,9.5,9,9,9,0,0,0,0,0,0,0,0,0,0,0,,0,0,0,
Harry Jowsey,Rylee Arnold,19.211267605633804,19.211267605633804,Australia,26,32,Eliminated Week 9,6,4,4,4,,5,5,5,,6,5,7,6,7,7,7,,6,6,6,,7.25,7.25,7.25,7.25,8,8,8,8,7,7,7,7,8,7,8,7,0,0,0,,0,0,0,
Mauricio Umansky,Emma Slater,0,0,Mexico,53,32,Eliminated Week 6,9,5,5,5,,4,4,4,,7,5,6,5,7,6,6,,8,8,8,,8.5,8.5,7.5,8.5,0,0,0,0,0,0,0,0,0,0,0,0,0,0,0,,0,0,0,
Charity Lawson,Artem Chigvintsev,12.541666666666666,12.541666666666666,United States,27,32,4th Place,4,7,7,8,,7,7,7,,8,8,8,8,8,8,8,,10,9,9,,9.75,9.75,8.75,9.75,9,9,9,9,9.75,9.75,9.75,9.75,9,10,9,10,10,9.5,10,,9.5,10,10,
Ariana Madix,Pasha Pashkov,4.647887323943662,4.647887323943662,United States,38,32,3rd Place,3,7,7,7,,6,7,7,,9,8,9,8,8,9,8,,8,8,8,,10,10,10,11,9,9,10,9,9.75,10.75,10.75,10.75,9,9,9,10,9.5,9.5,10,,9.5,10,10,
Tori Spelling,Pasha Pashkov,4.647887323943662,4.647887323943662,United States,51,33,Eliminated Week 2,12,6,6,5,,7,6,6,,0,0,0,0,0,0,0,0,0,0,0,,0,0,0,,0,0,0,,0,0,0,,0,0,0,,,,,,,,,
Eric Roberts,Britt Stewart,6.661971830985915,6.661971830985915,United States,68,33,Eliminated Week 3,10,5,5,5,,6,4,5,,6.5,5.5,5.5,5.5,0,0,0,0,0,0,0,,0,0,0,,0,0,0,,0,0,0,,0,0,0,,,,,,,,,
Reginald VelJohnson,Emma Slater,0,0,United States,74,33,Eliminated Week 3,10,6,5,5,,6,4,5,,6,5,5,5,0,0,0,0,0,0,0,,0,0,0,,0,0,0,,0,0,0,,0,0,0,,,,,,,,,
Chandler Kinney,Brandon Armstrong,6.964912280701754,6.964912280701754,United States,24,33,3rd Place,3,8,7,8,,8,8,8,,8.5,8.5,9,8.5,8,8,8,8,9,9,9,,10,11,11,,10,10,10,,9.5,9.5,10,,10,10,10,,,,,,,,,
Dwight Howard,Daniella Karagach,13.23943661971831,13.23943661971831,United States,38,33,Eliminated Week 7,6,8,7,7,,8,7,7,,7,6.5,6,6.5,7,8,7,7,8,8,8,,11,10,10,,8,8,8,,0,0,0,,0,0,0,,,,,,,,,
Danny Amendola,Witney Carson,6.676923076923077,6.676923076923077,United States,39,33,5th Place,5,7,6,7,,7,7,7,,7.5,7.5,8,7,9,9,9,9,8.5,8.5,8.5,,10,9,9,,8.5,8.5,8.5,,9,9,9,,9,9.5,9.5,,,,,,,,,
Stephen Nedoroscik,Rylee Arnold,19.211267605633804,19.211267605633804,United States,26,33,4th Place,4,7,7,7,,8,7,7,,8,8,7.5,7.5,8,9,8,8,8,8,8,,10,9,9,,9.5,9,8.5,,9,8.5,9,,10,9.5,10,,,,,,,,,
Ilona Maher,Alan Bersten,5.846153846153846,5.846153846153846,United States,28,33,2nd Place,2,6,6,6,,7,7,7,,7.5,7,7,6.5,8,8,8,8,9,8.5,8.5,,8,8,8,,9,8.5,8.5,,9.5,9.5,9.5,,9.5,9.5,9.5,,,,,,,,,
Anna Delvey,Ezra Sosa,17.774647887323944,17.774647887323944,Russia,33,33,Eliminated Week 2,12,6,6,6,,6,5,6,,0,0,0,0,0,0,0,0,0,0,0,,0,0,0,,0,0,0,,0,0,0,,0,0,0,,,,,,,,,
Brooks Nader,Gleb Savchenko,9.723076923076922,9.723076923076922,United States,27,33,Eliminated Week 4,9,6,6,6,,7,6,7,,7.5,7.5,8,7.5,8,8,8,8,0,0,0,,0,0,0,,0,0,0,,0,0,0,,0,0,0,,,,,,,,,
Phaedra Parks,Val Chmerkovskiy,14.52112676056338,14.52112676056338,United States,51,33,Eliminated Week 5,8,7,6,6,,7,7,7,,7.5,7.5,6,7,8,8,8,8,8,8,8,,0,0,0,,0,0,0,,0,0,0,,0,0,0,,,,,,,,,
Jenn Tran,Sasha Farber,5.486111111111111,5.486111111111111,United States,26,33,Eliminated Week 6,7,7,6,6,,6,6,7,,8,8,7,8,8,8,8,8,8.5,8.5,8.5,,11,10,10,,0,0,0,,0,0,0,,0,0,0,,,,,,,,,
Joey Graziadei,Jenna Johnson,11.291666666666666,11.291666666666666,United States,29,33,1st Place,1,7,7,7,,8,7,7,,9,9,8.5,8.5,9,9,9,9,8.5,8.5,9,,11,10,11,,9,9.5,9,,9.5,10,9.5,,9.5,10,10,,,,,,,,,
Corey Feldman,Jenna Johnson,11.291666666666666,11.291666666666666,United States,54,34,Eliminated Week 2,13,4,5,,,5,5,5,,0,0,0,,0,0,0,,0,0,0,0,0,0,0,0,0,0,0,0,0,0,0,0,0,0,0,0,0,0,0,,0,0,0,
Danielle Fishel,Pasha Pashkov,4.647887323943662,4.647887323943662,United States,44,34,Eliminated Week 8,8,6,6,,,7,6,6,,7,7,7,,7,7,7,,7,7,7,8,9,9,9,9,8.5,8.5,8.5,9.5,9.5,9,9.5,9,0,0,0,0,0,0,0,,0,0,0,
Elaine Hendrix,Alan Bersten (Rashad Jennings week 9),0,0,United States,55,34,5th Place,5,6,6,,,7,7,7,,7,7,7,,8,8,8,,8,7,7,8,9,9,9,9,8,8,8,8,9,9.5,10,9,9,9,9,9,9.5,9.5,9.5,,9.6666,9.6666,9.6666,
Baron Davis,Britt Stewart,6.661971830985915,6.661971830985915,United States,46,34,Eliminated Week 2,13,5,5,,,6,6,6,,0,0,0,,0,0,0,,0,0,0,0,0,0,0,0,0,0,0,0,0,0,0,0,0,0,0,0,0,0,0,,0,0,0,
Jordan Chiles,Ezra Sosa (Apolo Anton Ohno week 9),0,0,United States,24,34,3rd Place,3,5,5,,,8,7,7,,8,8,8,,8,8,8,,8,8,8,8,10,9,10,10,10,9,9,10,10,9.5,10,9.5,9.5,10.5,9.5,9.5,9.5,9.5,9.5,,9.6666,10,10,
Andy Richter,Emma Slater/Kaitlyn Bristowe (week 9),1.2820512820512822,1.2820512820512822,United States,59,34,Eliminated Week 9,7,5,4,,,6,5,5,,6,6,6,,6,6,6,,6,6,6,6,7,6,7,7,7.25,7.25,7.25,7.25,8,8.5,9.5,8,8,7,7,7,0,0,0,,0,0,0,
Robert Irwin,Witney Carson (Xoshitl Gomez week 9),0,0,Australia,22,34,1st Place,1,8,7,,,8,7,7,,8,7,7,,7,7,8,,8,9,9,9,9,9,9,9,10.75,9.75,9.75,10.75,9,9.5,10,9.5,10.5,10.5,10.5,10.5,10,9.5,10,,9.6666,10,10,
Hilaria Baldwin,Gleb Savchenko,9.723076923076922,9.723076923076922,United States,41,34,Eliminated Week 4,11,7,7,,,7,7,7,,7,8,7,,8,7,8,,0,0,0,0,0,0,0,0,0,0,0,0,0,0,0,0,0,0,0,0,0,0,0,,0,0,0,
Lauren Jauregui,Brandon Armstrong,6.964912280701754,6.964912280701754,United States,29,34,Eliminated Week 3,12,7,6,,,7,7,7,,6,6,6,,0,0,0,,0,0,0,0,0,0,0,0,0,0,0,0,0,0,0,0,0,0,0,0,0,0,0,,0,0,0,
Scott Hoying,Rylee Arnold,19.211267605633804,19.211267605633804,United States,34,34,Eliminated Week 6,10,5,5,,,6,6,6,,8,7,7,,7,7,7,,7,8,7,8,7,7,7,7,0,0,0,0,0,0,0,0,0,0,0,0,0,0,0,,0,0,0,
Alix Earle,Val Chmerkovskiy (Joey Graziadei week 9),0,0,United States,24,34,2nd Place,2,7,6,,,7,7,7,,8,7,8,,8,8,8,,8,9,9,9,9,9,8,9,11,11,10,11,9.5,10,9.5,9.5,10,10,10,10,9.5,10,9.5,,10,10,10,
Jen Affleck,Jan Ravnik,16.012820512820515,16.012820512820515,United States,26,34,Eliminated Week 7,9,6,6,,,8,7,7,,7,6,6,,7,8,8,,8,7,7,7,8,8,8,8,8.5,8.5,8.5,8.5,0,0,0,0,0,0,0,0,0,0,0,,0,0,0,
Whitney Leavitt,Mark Ballas,10.661538461538461,10.661538461538461,United States,32,34,Eliminated Week 10,6,7,8,,,7,7,8,,8,8,8,,9,8,8,,9,8,8,8,10,9,10,10,10.25,10.25,10.25,11.25,9.5,10,10,10,10.5,10.5,10.5,10.5,9,10,10,,0,0,0,
Dylan Efron,Daniella Karagach (Rumer Willis week 9),1.2820512820512822,1.2820512820512822,United States,33,34,4th Place,4,5,5,,,7,6,7,,7,8,8,,7,8,8,,9,9,9,9,8,8,8,8,9.75,9.75,8.75,9.75,9,9.5,10,9.5,10.5,10.5,10.5,10.5,9,9,9.5,,9.6666,9.6666,10,
