season,week,num_contestants,rank_eliminated,pct_eliminated,actual_eliminated,methods_agree,rank_elim_fan_vote_all,pct_elim_fan_vote_all,rank_elim_fan_vote,pct_elim_fan_vote,delta_fan,fan_favored_by,regime
1,1,6,Kelly Monaco,Kelly Monaco,,True,0.0692838084324915,0.0692838084324915,,,,,Rank Era (S1-2)
1,2,6,Trista Sutter,Trista Sutter,Trista Sutter,True,0.0692838084324915,0.0692838084324915,,,,,Rank Era (S1-2)
1,3,5,Evander Holyfield,Evander Holyfield,Evander Holyfield,True,0.1004853680234095,0.1004853680234095,,,,,Rank Era (S1-2)
1,4,4,Joey McIntyre,Rachel Hunter,Rachel Hunter,False,0.2747638726821303,0.1507936105062107,0.2747638726821303,0.1507936105062107,0.12397026217591961,Percentage,Rank Era (S1-2)
1,5,3,Joey McIntyre,Kelly Monaco,,False,0.3235537038833594,0.2396944792058498,0.3235537038833594,0.2396944792058498,0.08385922467750961,Percentage,Rank Era (S1-2)
1,6,2,Kelly Monaco,Kelly Monaco,,True,0.425557483188341,0.425557483188341,,,,,Rank Era (S1-2)
2,1,10,Kenny Mayne,Kenny Mayne,Kenny Mayne,True,0.0183310958965449,0.0183310958965449,,,,,Rank Era (S1-2)
2,2,9,Master P,Tatum O'Neal,Tatum O'Neal,False,0.0340251528037969,0.0252064531585323,0.0340251528037969,0.0252064531585323,0.008818699645264601,Percentage,Rank Era (S1-2)
2,3,8,Master P,Master P,Giselle Fernandez,True,0.0471167995932518,0.0471167995932518,,,,,Rank Era (S1-2)
2,4,7,Master P,Master P,Master P,True,0.0488208920308237,0.0488208920308237,,,,,Rank Era (S1-2)
2,5,6,Tia Carrere,Tia Carrere,Tia Carrere,True,0.0692838084324915,0.0692838084324915,,,,,Rank Era (S1-2)
2,6,5,George Hamilton,George Hamilton,George Hamilton,True,0.1004853680234095,0.1004853680234095,,,,,Rank Era (S1-2)
2,7,4,Jerry Rice,Jerry Rice,Lisa Rinna,True,0.2035500832679938,0.2035500832679938,,,,,Rank Era (S1-2)
2,8,3,Jerry Rice,Jerry Rice,,True,0.2396944792058498,0.2396944792058498,,,,,Rank Era (S1-2)
3,1,11,Tucker Carlson,Tucker Carlson,Tucker Carlson,True,0.0566074446434523,0.0566074446434523,,,,,Percent Era (S3-27)
3,2,10,Sara Evans,Shanna Moakler,Shanna Moakler,False,0.0829464890886603,0.0785986630017037,0.0829464890886603,0.0785986630017037,0.004347826086956594,Percentage,Percent Era (S3-27)
3,3,9,Jerry Springer,Jerry Springer,Harry Hamlin,True,0.1016977332495707,0.1016977332495707,,,,,Percent Era (S3-27)
3,4,8,Jerry Springer,Jerry Springer,Vivica A. Fox,True,0.1166769015834847,0.1166769015834847,,,,,Percent Era (S3-27)
3,5,7,Willa Ford,Sara Evans,Willa Ford; Sara Evans,False,0.127944855385021,0.1445194410203801,0.127944855385021,0.1445194410203801,-0.0165745856353591,Rank,Percent Era (S3-27)
3,6,5,Jerry Springer,Jerry Springer,,True,0.1832757268333421,0.1832757268333421,,,,,Percent Era (S3-27)
3,7,5,Jerry Springer,Jerry Springer,Jerry Springer,True,0.1789739413461622,0.1789739413461622,,,,,Percent Era (S3-27)
3,8,4,Monique Coleman,Monique Coleman,Monique Coleman,True,0.2418066473754026,0.2418066473754026,,,,,Percent Era (S3-27)
3,9,3,Emmitt Smith,Joey Lawrence,,False,0.3297044678368162,0.3290939812266008,0.3297044678368162,0.3290939812266008,0.0006104866102153994,Percentage,Percent Era (S3-27)
3,10,2,Emmitt Smith,Emmitt Smith,,True,0.4942877826013704,0.4942877826013704,,,,,Percent Era (S3-27)
4,1,11,Billy Ray Cyrus,Billy Ray Cyrus,,True,0.0631067961165048,0.0631067961165048,,,,,Percent Era (S3-27)
4,2,11,Billy Ray Cyrus,Billy Ray Cyrus,Paulina Porizkova,True,0.0749092292083403,0.0749092292083403,,,,,Percent Era (S3-27)
4,3,10,Billy Ray Cyrus,Clyde Drexler,Shandi Finnessey,False,0.086093258158806,0.103120600761562,0.086093258158806,0.103120600761562,-0.017027342602756,Rank,Percent Era (S3-27)
4,4,9,Leeza Gibbons,Leeza Gibbons,Leeza Gibbons,True,0.0944189309190434,0.0944189309190434,,,,,Percent Era (S3-27)
4,5,8,Clyde Drexler,Clyde Drexler,Clyde Drexler,True,0.0990171274643383,0.0990171274643383,,,,,Percent Era (S3-27)
4,6,7,Billy Ray Cyrus,Billy Ray Cyrus,Heather Mills,True,0.1232806585918017,0.1232806585918017,,,,,Percent Era (S3-27)
4,7,6,Billy Ray Cyrus,Billy Ray Cyrus,John Ratzenberger,True,0.1530113287954548,0.1530113287954548,,,,,Percent Era (S3-27)
4,8,5,Billy Ray Cyrus,Billy Ray Cyrus,Billy Ray Cyrus,True,0.1677630823976971,0.1677630823976971,,,,,Percent Era (S3-27)
4,9,4,Ian Ziering,Ian Ziering,Ian Ziering,True,0.2346052521322573,0.2346052521322573,,,,,Percent Era (S3-27)
4,10,3,Laila Ali,Laila Ali,,True,0.3296689168374648,0.3296689168374648,,,,,Percent Era (S3-27)
5,1,12,Josie Maran,Josie Maran,Josie Maran,True,0.0622560932911165,0.0622560932911165,,,,,Percent Era (S3-27)
5,2,11,Albert Reed,Wayne Newton,Albert Reed,False,0.0679306098463948,0.0931406938800082,0.0679306098463948,0.0931406938800082,-0.025210084033613397,Rank,Percent Era (S3-27)
5,3,10,Mark Cuban,Wayne Newton,Wayne Newton,False,0.0874758387239686,0.0917239883436544,0.0874758387239686,0.0917239883436544,-0.004248149619685809,Rank,Percent Era (S3-27)
5,4,9,Mark Cuban,Floyd Mayweather Jr. ,Floyd Mayweather Jr. ,False,0.0978290385325473,0.093555534259043,0.0978290385325473,0.093555534259043,0.0042735042735043,Percentage,Percent Era (S3-27)
5,5,8,Mark Cuban,Mark Cuban,Mark Cuban,True,0.1071289567440493,0.1071289567440493,,,,,Percent Era (S3-27)
5,6,7,Sabrina Bryan,Jane Seymour,Sabrina Bryan,False,0.1300179466144926,0.1466846132811592,0.1300179466144926,0.1466846132811592,-0.016666666666666607,Rank,Percent Era (S3-27)
5,7,6,Cameron Mathison,Cameron Mathison,Jane Seymour,True,0.16146683930192,0.16146683930192,,,,,Percent Era (S3-27)
5,8,5,Marie Osmond,Marie Osmond,Cameron Mathison,True,0.1969305883408681,0.1969305883408681,,,,,Percent Era (S3-27)
5,9,4,Marie Osmond,Jennie Garth,Jennie Garth,False,0.2468496781554541,0.2383026696084455,0.2468496781554541,0.2383026696084455,0.0085470085470086,Percentage,Percent Era (S3-27)
5,10,3,Marie Osmond,Marie Osmond,,True,0.312691229150753,0.312691229150753,,,,,Percent Era (S3-27)
6,1,12,Adam Carolla,Adam Carolla,,True,0.0617283950617283,0.0617283950617283,,,,,Percent Era (S3-27)
6,2,12,Monica Seles,Penn Jillette,Monica Seles; Penn Jillette,False,0.0640778157670824,0.0562957133776075,0.0640778157670824,0.0562957133776075,0.007782102389474896,Percentage,Percent Era (S3-27)
6,3,10,Adam Carolla,Adam Carolla,Steve Guttenberg,True,0.0817797861245281,0.0817797861245281,,,,,Percent Era (S3-27)
6,4,9,Adam Carolla,Adam Carolla,Adam Carolla,True,0.0875224085959579,0.0875224085959579,,,,,Percent Era (S3-27)
6,5,8,Priscilla Presley,Priscilla Presley,Priscilla Presley,True,0.1165813223471023,0.1165813223471023,,,,,Percent Era (S3-27)
6,6,7,Marlee Matlin,Marlee Matlin,Marlee Matlin,True,0.1269715476313937,0.1269715476313937,,,,,Percent Era (S3-27)
6,7,6,Shannon Elizabeth,Cristian de la Fuente,Shannon Elizabeth,False,0.1503788493120951,0.1665600790855578,0.1503788493120951,0.1665600790855578,-0.016181229773462702,Rank,Percent Era (S3-27)
6,8,5,Marissa Jaret Winokur,Mario,Mario,False,0.1985726602702175,0.1873367052140377,0.1985726602702175,0.1873367052140377,0.011235955056179803,Percentage,Percent Era (S3-27)
6,9,4,Marissa Jaret Winokur,Marissa Jaret Winokur,Marissa Jaret Winokur,True,0.2416865532608899,0.2416865532608899,,,,,Percent Era (S3-27)
6,10,3,Cristian de la Fuente,Cristian de la Fuente,,True,0.3227364102952158,0.3227364102952158,,,,,Percent Era (S3-27)
7,1,13,Jeffrey Ross,Jeffrey Ross,Ted McGinley; Jeffrey Ross,True,0.0476109888032036,0.0476109888032036,,,,,Percent Era (S3-27)
7,2,11,Rocco DiSpirito,Rocco DiSpirito,Misty May-Treanor; Kim Kardashian,True,0.0781997303073192,0.0781997303073192,,,,,Percent Era (S3-27)
7,3,9,Cloris Leachman,Cloris Leachman,,True,0.0930743904790489,0.0930743904790489,,,,,Percent Era (S3-27)
7,4,9,Rocco DiSpirito,Rocco DiSpirito,Rocco DiSpirito,True,0.0936521281945154,0.0936521281945154,,,,,Percent Era (S3-27)
7,5,8,Toni Braxton,Cloris Leachman,Toni Braxton,False,0.1125848106561812,0.1177130157843863,0.1125848106561812,0.1177130157843863,-0.005128205128205096,Rank,Percent Era (S3-27)
7,6,7,Cloris Leachman,Cloris Leachman,Cloris Leachman,True,0.1196843035314369,0.1196843035314369,,,,,Percent Era (S3-27)
7,7,6,Susan Lucci,Warren Sapp,Susan Lucci,False,0.1480271112894019,0.168435274554708,0.1480271112894019,0.168435274554708,-0.02040816326530609,Rank,Percent Era (S3-27)
7,8,5,Maurice Greene,Maurice Greene,Maurice Greene,True,0.1882711283180527,0.1882711283180527,,,,,Percent Era (S3-27)
7,9,4,Cody Linley,Cody Linley,Cody Linley,True,0.2316945340463262,0.2316945340463262,,,,,Percent Era (S3-27)
7,10,3,Lance Bass,Warren Sapp,,False,0.3306291352641565,0.322582470683852,0.3306291352641565,0.322582470683852,0.008046664580304508,Percentage,Percent Era (S3-27)
8,1,13,Steve Wozniak,Steve Wozniak,Ty Murray,True,0.0534979423868312,0.0534979423868312,,,,,Percent Era (S3-27)
8,2,13,Steve Wozniak,Steve-O,Belinda Carlisle,False,0.0610123619991173,0.0723331167160984,0.0610123619991173,0.0723331167160984,-0.011320754716981109,Rank,Percent Era (S3-27)
8,3,12,Steve-O,Denise Richards,Denise Richards,False,0.0708349336171179,0.0536213384973499,0.0708349336171179,0.0536213384973499,0.017213595119768,Percentage,Percent Era (S3-27)
8,4,11,Holly Madison,Holly Madison,Steve Wozniak; Holly Madison,True,0.0615087201966533,0.0615087201966533,,,,,Percent Era (S3-27)
8,5,9,Lawrence Taylor,David Alan Grier,David Alan Grier,False,0.0947350938930217,0.0852112843692121,0.0947350938930217,0.0852112843692121,0.009523809523809601,Percentage,Percent Era (S3-27)
8,6,8,Steve-O,Steve-O,Steve-O,True,0.1046549300584306,0.1046549300584306,,,,,Percent Era (S3-27)
8,7,7,Lawrence Taylor,Lawrence Taylor,Lawrence Taylor,True,0.1192257318015395,0.1192257318015395,,,,,Percent Era (S3-27)
8,8,6,Melissa Rycroft,Melissa Rycroft,Chuck Wicks,True,0.1702566388551418,0.1702566388551418,,,,,Percent Era (S3-27)
8,9,5,Lil' Kim,Lil' Kim,Lil' Kim,True,0.1780862248122891,0.1780862248122891,,,,,Percent Era (S3-27)
8,10,4,Ty Murray,Ty Murray,Ty Murray,True,0.2357348912131779,0.2357348912131779,,,,,Percent Era (S3-27)
8,11,3,Melissa Rycroft,Melissa Rycroft,,True,0.326896565842376,0.326896565842376,,,,,Percent Era (S3-27)
9,1,16,Macy Gray,Macy Gray,Ashley Hamiliton; Macy Gray,True,0.0519598658666616,0.0519598658666616,,,,,Percent Era (S3-27)
9,2,14,Tom DeLay,Tom DeLay,Kathy Ireland,True,0.0572335486610101,0.0572335486610101,,,,,Percent Era (S3-27)
9,3,13,Tom DeLay,Tom DeLay,Debi Mazar; Tom DeLay,True,0.0639341891775635,0.0639341891775635,,,,,Percent Era (S3-27)
9,4,11,Michael Irvin,Chuck Liddell,Chuck Liddell,False,0.0749637944117585,0.0708315630067998,0.0749637944117585,0.0708315630067998,0.0041322314049587056,Percentage,Percent Era (S3-27)
9,5,10,Louie Vito,Louie Vito,Natalie Coughlin,True,0.0885278825852415,0.0885278825852415,,,,,Percent Era (S3-27)
9,6,9,Michael Irvin,Michael Irvin,Melissa Joan Hart; Louie Vito,True,0.1009324402764927,0.1009324402764927,,,,,Percent Era (S3-27)
9,7,7,Michael Irvin,Michael Irvin,Mark Dacascos; Michael Irvin,True,0.1253742408808082,0.1253742408808082,,,,,Percent Era (S3-27)
9,8,5,Kelly Osbourne,Aaron Carter,Aaron Carter,False,0.1894919098232838,0.1933087037164135,0.1894919098232838,0.1933087037164135,-0.003816793893129722,Rank,Percent Era (S3-27)
9,9,4,Kelly Osbourne,Kelly Osbourne,Joanna Krupa,True,0.2435148748533759,0.2435148748533759,,,,,Percent Era (S3-27)
9,10,3,Kelly Osbourne,Kelly Osbourne,,True,0.3138142759830571,0.3138142759830571,,,,,Percent Era (S3-27)
10,1,11,Buzz Aldrin,Buzz Aldrin,,True,0.0669856459330143,0.0669856459330143,,,,,Percent Era (S3-27)
10,2,11,Kate Gosselin,Buzz Aldrin,Shannen Doherty,False,0.0778017699616371,0.0914381335980007,0.0778017699616371,0.0914381335980007,-0.0136363636363636,Rank,Percent Era (S3-27)
10,3,10,Kate Gosselin,Buzz Aldrin,Buzz Aldrin,False,0.079520527481626,0.0858579534376054,0.079520527481626,0.0858579534376054,-0.0063374259559794005,Rank,Percent Era (S3-27)
10,4,9,Kate Gosselin,Kate Gosselin,Aiden Turner,True,0.0912358393845458,0.0912358393845458,,,,,Percent Era (S3-27)
10,5,8,Kate Gosselin,Kate Gosselin,Kate Gosselin,True,0.0956331181140476,0.0956331181140476,,,,,Percent Era (S3-27)
10,6,7,Jake Pavelka,Niecy Nash,Jake Pavelka,False,0.1290945845626707,0.1243103580126295,0.1290945845626707,0.1243103580126295,0.004784226550041196,Percentage,Percent Era (S3-27)
10,7,6,Pamela Anderson,Niecy Nash,Pamela Anderson,False,0.1522404737278391,0.1586713418950416,0.1522404737278391,0.1586713418950416,-0.00643086816720248,Rank,Percent Era (S3-27)
10,8,5,Niecy Nash,Niecy Nash,Niecy Nash,True,0.1814326608378119,0.1814326608378119,,,,,Percent Era (S3-27)
10,9,4,Chad Ochocinco,Chad Ochocinco,Chad Ochocinco,True,0.2253306453989517,0.2253306453989517,,,,,Percent Era (S3-27)
10,10,3,Erin Andrews,Erin Andrews,,True,0.3212416778075652,0.3212416778075652,,,,,Percent Era (S3-27)
11,1,12,The Situation,The Situation,David Hasselhoff,True,0.066080372143502,0.066080372143502,,,,,Percent Era (S3-27)
11,2,11,Michael Bolton,Michael Bolton,Michael Bolton,True,0.0684143382990518,0.0684143382990518,,,,,Percent Era (S3-27)
11,3,10,Margaret Cho,Margaret Cho,Margaret Cho,True,0.0803338299338895,0.0803338299338895,,,,,Percent Era (S3-27)
11,4,9,The Situation,The Situation,The Situation,True,0.0864920617011864,0.0864920617011864,,,,,Percent Era (S3-27)
11,5,8,Bristol Palin,Bristol Palin,Florence Henderson,True,0.115412965891753,0.115412965891753,,,,,Percent Era (S3-27)
11,6,7,Bristol Palin,Audrina Patridge,Audrina Patridge,False,0.1308860723995398,0.1115623355559852,0.1308860723995398,0.1115623355559852,0.01932373684355461,Percentage,Percent Era (S3-27)
11,7,6,Bristol Palin,Bristol Palin,Rick Fox,True,0.1610554539596582,0.1610554539596582,,,,,Percent Era (S3-27)
11,8,5,Bristol Palin,Bristol Palin,Kurt Warner,True,0.1940104850766088,0.1940104850766088,,,,,Percent Era (S3-27)
11,9,4,Brandy,Bristol Palin,Brandy,False,0.2392029902850427,0.2567468499341655,0.2392029902850427,0.2567468499341655,-0.017543859649122834,Rank,Percent Era (S3-27)
11,10,3,Bristol Palin,Bristol Palin,,True,0.3280595617949979,0.3280595617949979,,,,,Percent Era (S3-27)
12,1,11,Mike Catherwood,Mike Catherwood,,True,0.0628019323671497,0.0628019323671497,,,,,Percent Era (S3-27)
12,2,11,Wendy Williams,Mike Catherwood,Mike Catherwood,False,0.0713242028589721,0.0681035582508085,0.0713242028589721,0.0681035582508085,0.0032206446081636114,Percentage,Percent Era (S3-27)
12,3,10,Wendy Williams,Wendy Williams,Wendy Williams,True,0.0743907883188338,0.0743907883188338,,,,,Percent Era (S3-27)
12,4,9,Kendra Wilkinson,Kendra Wilkinson,Sugar Ray Leonard,True,0.1063086643250469,0.1063086643250469,,,,,Percent Era (S3-27)
12,5,8,Kendra Wilkinson,Kendra Wilkinson,Petra Nemcova,True,0.1169836650656559,0.1169836650656559,,,,,Percent Era (S3-27)
12,6,7,Chris Jericho,Chris Jericho,Chris Jericho,True,0.1357509829152094,0.1357509829152094,,,,,Percent Era (S3-27)
12,7,6,Kendra Wilkinson,Kendra Wilkinson,Kendra Wilkinson,True,0.1577794327888011,0.1577794327888011,,,,,Percent Era (S3-27)
12,8,5,Romeo,Romeo,Romeo,True,0.1826960844032434,0.1826960844032434,,,,,Percent Era (S3-27)
12,9,4,Ralph Macchio,Ralph Macchio,Ralph Macchio,True,0.2359320998522449,0.2359320998522449,,,,,Percent Era (S3-27)
12,10,3,Kirstie Alley,Kirstie Alley,,True,0.3131065244190093,0.3131065244190093,,,,,Percent Era (S3-27)
13,1,12,Metta World Peace (Ron),Metta World Peace (Ron),Metta World Peace (Ron),True,0.0645156177106246,0.0645156177106246,,,,,Percent Era (S3-27)
13,2,11,Carson Kressley,Chaz Bono,Elisabetta Canalis,False,0.0845338419682628,0.0890181469009982,0.0845338419682628,0.0890181469009982,-0.004484304932735397,Rank,Percent Era (S3-27)
13,3,10,Nancy Grace,Chaz Bono,Kristin Cavallari,False,0.0937026006600406,0.1063608285081418,0.0937026006600406,0.1063608285081418,-0.012658227848101195,Rank,Percent Era (S3-27)
13,4,9,Nancy Grace,Nancy Grace,Chynna Phillips,True,0.1033487728330704,0.1033487728330704,,,,,Percent Era (S3-27)
13,5,8,Carson Kressley,Carson Kressley,Carson Kressley,True,0.1140807916063562,0.1140807916063562,,,,,Percent Era (S3-27)
13,6,7,Chaz Bono,Chaz Bono,Chaz Bono,True,0.1280810626386031,0.1280810626386031,,,,,Percent Era (S3-27)
13,7,6,David Arquette,Nancy Grace,David Arquette,False,0.1514657578539986,0.1617046657038279,0.1514657578539986,0.1617046657038279,-0.01023890784982931,Rank,Percent Era (S3-27)
13,8,5,Nancy Grace,Nancy Grace,Nancy Grace,True,0.1836743266642256,0.1836743266642256,,,,,Percent Era (S3-27)
13,9,4,Hope Solo,Hope Solo,Hope Solo,True,0.2266278339821667,0.2266278339821667,,,,,Percent Era (S3-27)
13,10,3,Rob Kardashian,Rob Kardashian,,True,0.3268546947978809,0.3268546947978809,,,,,Percent Era (S3-27)
14,1,12,Gavin DeGraw,Gavin DeGraw,,True,0.074074074074074,0.074074074074074,,,,,Percent Era (S3-27)
14,2,12,Martina Navratilova,Martina Navratilova,Martina Navratilova,True,0.0704450110906288,0.0704450110906288,,,,,Percent Era (S3-27)
14,3,11,Gavin DeGraw,Gavin DeGraw,Jack Wagner,True,0.0841279846927519,0.0841279846927519,,,,,Percent Era (S3-27)
14,4,10,Sherri Sheperd,Gladys Knight,Sherri Sheperd,False,0.0912102130031576,0.0955020584967198,0.0912102130031576,0.0955020584967198,-0.0042918454935622075,Rank,Percent Era (S3-27)
14,5,9,Gavin DeGraw,Gavin DeGraw,Gavin DeGraw,True,0.0973265355485862,0.0973265355485862,,,,,Percent Era (S3-27)
14,6,8,Gladys Knight,Gladys Knight,Gladys Knight,True,0.1069251481762603,0.1069251481762603,,,,,Percent Era (S3-27)
14,7,7,Jaleel White,Melissa Gilbert,Jaleel White,False,0.1289711927918874,0.1398703753531953,0.1289711927918874,0.1398703753531953,-0.010899182561307896,Rank,Percent Era (S3-27)
14,8,6,Melissa Gilbert,Roshon Fegan,Roshon Fegan; Melissa Gilbert,False,0.1676499206087626,0.1523593141926371,0.1676499206087626,0.1523593141926371,0.015290606416125507,Percentage,Percent Era (S3-27)
14,9,4,Donald Driver,Maria Menounos,Maria Menounos,False,0.2507747567791519,0.2420791046052388,0.2507747567791519,0.2420791046052388,0.008695652173913104,Percentage,Percent Era (S3-27)
14,10,3,Donald Driver,Donald Driver,,True,0.3312777269916551,0.3312777269916551,,,,,Percent Era (S3-27)
15,1,13,Pamela Anderson,Pamela Anderson,Pamela Anderson,True,0.0614835339191353,0.0614835339191353,,,,,Percent Era (S3-27)
15,2,12,Kirstie Alley,Joey Fatone,Joey Fatone,False,0.0741779041217323,0.0676877904021418,0.0741779041217323,0.0676877904021418,0.00649011371959049,Percentage,Percent Era (S3-27)
15,3,11,Drew Lachey,Drew Lachey,Helio Castroneves; Drew Lachey,True,0.0871508370888564,0.0871508370888564,,,,,Percent Era (S3-27)
15,4,9,Bristol Palin,Kirstie Alley,Bristol Palin,False,0.101101715210237,0.1073225550236118,0.101101715210237,0.1073225550236118,-0.00622083981337479,Rank,Percent Era (S3-27)
15,5,8,Kelly Monaco,Kirstie Alley,,False,0.1213845414380567,0.1189657028797918,0.1213845414380567,0.1189657028797918,0.002418838558264899,Percentage,Percent Era (S3-27)
15,6,8,Kelly Monaco,Sabrina Bryan,Sabrina Bryan,False,0.1264262096223986,0.1131518733392127,0.1264262096223986,0.1131518733392127,0.013274336283185889,Percentage,Percent Era (S3-27)
15,7,7,Kirstie Alley,Kirstie Alley,,True,0.1319422072100816,0.1319422072100816,,,,,Percent Era (S3-27)
15,8,7,Kirstie Alley,Kirstie Alley,Gilles Marini; Kirstie Alley,True,0.1306159415364849,0.1306159415364849,,,,,Percent Era (S3-27)
15,9,5,Emmitt Smith,Apolo Anton Ohno,Apolo Anton Ohno; Emmitt Smith,False,0.1992186302097999,0.1877930612819126,0.1992186302097999,0.1877930612819126,0.01142556892788732,Percentage,Percent Era (S3-27)
15,10,3,Shawn Johnson,Shawn Johnson,,True,0.3325542652223798,0.3325542652223798,,,,,Percent Era (S3-27)
16,1,12,D. L. Hughley,D. L. Hughley,Alexandra Raisman,True,0.0524017467248908,0.0524017467248908,,,,,Percent Era (S3-27)
16,2,12,D. L. Hughley,D. L. Hughley,Dorothy Hamill,True,0.0567924213140603,0.0567924213140603,,,,,Percent Era (S3-27)
16,3,11,Wynonna Judd,Wynonna Judd,Wynonna Judd,True,0.0726729661072049,0.0726729661072049,,,,,Percent Era (S3-27)
16,4,10,Lisa Vanderpump,Lisa Vanderpump,Lisa Vanderpump,True,0.088379232328354,0.088379232328354,,,,,Percent Era (S3-27)
16,5,9,Andy Dick,D. L. Hughley,D. L. Hughley,False,0.094301593522139,0.0875235789319371,0.094301593522139,0.0875235789319371,0.0067780145902019,Percentage,Percent Era (S3-27)
16,6,8,Andy Dick,Victor Ortiz,Victor Ortiz,False,0.1069176910058974,0.1081349658280174,0.1069176910058974,0.1081349658280174,-0.0012172748221200014,Rank,Percent Era (S3-27)
16,7,7,Andy Dick,Andy Dick,Andy Dick,True,0.1107141946949074,0.1107141946949074,,,,,Percent Era (S3-27)
16,8,6,Sean Lowe,Sean Lowe,Sean Lowe,True,0.1443057859895862,0.1443057859895862,,,,,Percent Era (S3-27)
16,9,5,Ingo Rademacher,Ingo Rademacher,Ingo Rademacher,True,0.1786491106818438,0.1786491106818438,,,,,Percent Era (S3-27)
16,10,4,Jacoby Jones,Jacoby Jones,Alexandra Raisman,True,0.2507227081199837,0.2507227081199837,,,,,Percent Era (S3-27)
17,1,12,Bill Nye,Bill Nye,Leah Remini; Bill Engvall,True,0.0546875,0.0546875,,,,,Percent Era (S3-27)
17,2,12,Bill Nye,Bill Nye,Keyshawn Johnson,True,0.0641748036622907,0.0641748036622907,,,,,Percent Era (S3-27)
17,3,11,Bill Nye,Bill Nye,Bill Nye,True,0.0664496381791562,0.0664496381791562,,,,,Percent Era (S3-27)
17,4,10,Valerie Harper,Valerie Harper,Valerie Harper,True,0.0800292422105913,0.0800292422105913,,,,,Percent Era (S3-27)
17,5,9,Bill Engvall,Christina Milian,Christina Milian,False,0.1081343986975296,0.0911131221017849,0.1081343986975296,0.0911131221017849,0.01702127659574469,Percentage,Percent Era (S3-27)
17,6,8,Bill Engvall,Bill Engvall,,True,0.113948370627256,0.113948370627256,,,,,Percent Era (S3-27)
17,7,8,"Nicole ""Snooki"" Polizzi","Nicole ""Snooki"" Polizzi","Nicole ""Snooki"" Polizzi",True,0.1141316372993425,0.1141316372993425,,,,,Percent Era (S3-27)
17,8,7,Elizabeth Berkley Lauren,Elizabeth Berkley Lauren,Brant Daugherty,True,0.1404099805457958,0.1404099805457958,,,,,Percent Era (S3-27)
17,9,6,Amber Riley,Bill Engvall,Elizabeth Berkley Lauren,False,0.1676980587368737,0.1836656162002109,0.1676980587368737,0.1836656162002109,-0.015967557463337195,Rank,Percent Era (S3-27)
17,10,5,Leah Remini,Bill Engvall,Leah Remini,False,0.187714836390666,0.2020005506763802,0.187714836390666,0.2020005506763802,-0.014285714285714207,Rank,Percent Era (S3-27)
17,11,4,Bill Engvall,Bill Engvall,Bill Engvall,True,0.2400222778059528,0.2400222778059528,,,,,Percent Era (S3-27)
18,1,12,Billy Dee Williams,Billy Dee Williams,James Maslow,True,0.0572519083969465,0.0572519083969465,,,,,Percent Era (S3-27)
18,2,11,Billy Dee Williams,Sean Avery,Billy Dee Williams; Sean Avery,False,0.0846969953954494,0.0601068314610232,0.0846969953954494,0.0601068314610232,0.024590163934426208,Percentage,Percent Era (S3-27)
18,3,9,Drew Carey,Drew Carey,,True,0.099247869702737,0.099247869702737,,,,,Percent Era (S3-27)
18,4,9,NeNe Leakes,Candace Cameron Bure,,False,0.1027944899304878,0.1046994329496113,0.1027944899304878,0.1046994329496113,-0.0019049430191235006,Rank,Percent Era (S3-27)
18,5,9,Cody Simpson,Cody Simpson,Cody Simpson,True,0.0927279732347578,0.0927279732347578,,,,,Percent Era (S3-27)
18,6,8,Drew Carey,Drew Carey,Drew Carey,True,0.1176994047962639,0.1176994047962639,,,,,Percent Era (S3-27)
18,7,7,NeNe Leakes,NeNe Leakes,NeNe Leakes,True,0.131701698417999,0.131701698417999,,,,,Percent Era (S3-27)
18,8,6,Candace Cameron Bure,Candace Cameron Bure,Danica McKellar,True,0.1654045286842001,0.1654045286842001,,,,,Percent Era (S3-27)
18,9,5,Charlie White,Charlie White,Charlie White,True,0.1917682766208255,0.1917682766208255,,,,,Percent Era (S3-27)
18,10,4,James Maslow,Candace Cameron Bure,James Maslow,False,0.2315376263729795,0.2577022221045975,0.2315376263729795,0.2577022221045975,-0.026164595731617973,Rank,Percent Era (S3-27)
19,1,13,Betsey Johnson,Betsey Johnson,Lolo Jones; Tommy Chong; Bethany Mota,True,0.05913980244425,0.05913980244425,,,,,Percent Era (S3-27)
19,2,12,Tavis Smiley,Tavis Smiley,Tavis Smiley,True,0.0688515069733908,0.0688515069733908,,,,,Percent Era (S3-27)
19,3,11,Betsey Johnson,Randy Couture,Randy Couture,False,0.0766806896944904,0.0850465058878373,0.0766806896944904,0.0850465058878373,-0.008365816193346892,Rank,Percent Era (S3-27)
19,4,10,Michael Waltrip,Betsey Johnson,Betsey Johnson,False,0.0911706005111391,0.078670600511139,0.0911706005111391,0.078670600511139,0.012500000000000094,Percentage,Percent Era (S3-27)
19,5,9,Michael Waltrip,Michael Waltrip,,True,0.0912228507125071,0.0912228507125071,,,,,Percent Era (S3-27)
19,6,9,Michael Waltrip,Jonathan Bennett,Jonathan Bennett,False,0.0962180448745349,0.0893921063079819,0.0962180448745349,0.0893921063079819,0.006825938566553003,Percentage,Percent Era (S3-27)
19,7,8,Michael Waltrip,Antonio Sabato Jr.,Antonio Sabato Jr.,False,0.1129151500515671,0.1071124421211996,0.1129151500515671,0.1071124421211996,0.005802707930367509,Percentage,Percent Era (S3-27)
19,8,7,Michael Waltrip,Michael Waltrip,Michael Waltrip,True,0.1179098671750816,0.1179098671750816,,,,,Percent Era (S3-27)
19,9,6,Tommy Chong,Tommy Chong,Lea Thompson,True,0.1649846834471402,0.1649846834471402,,,,,Percent Era (S3-27)
19,10,5,Tommy Chong,Tommy Chong,Tommy Chong,True,0.1837196505073204,0.1837196505073204,,,,,Percent Era (S3-27)
19,11,4,Bethany Mota,Bethany Mota,Bethany Mota,True,0.2480648151384818,0.2480648151384818,,,,,Percent Era (S3-27)
20,1,12,Redfoo,Redfoo,,True,0.0691823899371069,0.0691823899371069,,,,,Percent Era (S3-27)
20,2,12,Charlotte McKinney,Charlotte McKinney,Redfoo,True,0.0738927629829613,0.0738927629829613,,,,,Percent Era (S3-27)
20,3,11,Patti LaBelle,Charlotte McKinney,Charlotte McKinney,False,0.0796443601774421,0.0758015055543124,0.0796443601774421,0.0758015055543124,0.0038428546231296934,Percentage,Percent Era (S3-27)
20,4,10,Chris Soules,Suzanne Somers,Michael Sam,False,0.0953221684300342,0.0922452453531111,0.0953221684300342,0.0922452453531111,0.003076923076923102,Percentage,Percent Era (S3-27)
20,5,9,Chris Soules,Patti LaBelle,Suzanne Somers,False,0.1013359182490405,0.0970804182036531,0.1013359182490405,0.0970804182036531,0.004255500045387398,Percentage,Percent Era (S3-27)
20,6,8,Patti LaBelle,Patti LaBelle,Patti LaBelle,True,0.1114491970054854,0.1114491970054854,,,,,Percent Era (S3-27)
20,7,7,Chris Soules,Willow Shields,Willow Shields,False,0.1457951409138486,0.1142990779217226,0.1457951409138486,0.1142990779217226,0.031496062992126,Percentage,Percent Era (S3-27)
20,8,6,Chris Soules,Robert Herjavec,Robert Herjavec; Chris Soules,False,0.1560265771946153,0.1607547095823221,0.1560265771946153,0.1607547095823221,-0.004728132387706807,Rank,Percent Era (S3-27)
20,9,4,Noah Galloway,Nastia Liukin,Nastia Liukin,False,0.252390442581866,0.2396515890786812,0.252390442581866,0.2396515890786812,0.012738853503184794,Percentage,Percent Era (S3-27)
20,10,3,Noah Galloway,Noah Galloway,,True,0.3247419520737914,0.3247419520737914,,,,,Percent Era (S3-27)
21,1,13,Kim Zolciak-Biermann,Kim Zolciak-Biermann,Carlos PenaVega,True,0.0479999999999999,0.0479999999999999,,,,,Percent Era (S3-27)
21,2,13,Chaka Khan,Chaka Khan,Victor Espinoza; Chaka Khan; Kim Zolciak-Biermann,True,0.0531509491419725,0.0531509491419725,,,,,Percent Era (S3-27)
21,3,10,Paula Deen,Paula Deen,,True,0.0721062520733638,0.0721062520733638,,,,,Percent Era (S3-27)
21,4,10,Paula Deen,Gary Busey,Gary Busey,False,0.073494903342877,0.0750813879574421,0.073494903342877,0.0750813879574421,-0.0015864846145650924,Rank,Percent Era (S3-27)
21,5,9,Paula Deen,Paula Deen,,True,0.0817668732397792,0.0817668732397792,,,,,Percent Era (S3-27)
21,6,9,Paula Deen,Paula Deen,Paula Deen,True,0.0800715763700588,0.0800715763700588,,,,,Percent Era (S3-27)
21,7,8,Alek Skarlatos,Hayes Grier,Hayes Grier,False,0.1205418110555918,0.1137544807388497,0.1205418110555918,0.1137544807388497,0.006787330316742099,Percentage,Percent Era (S3-27)
21,8,7,Andy Grammer,Andy Grammer,Andy Grammer,True,0.1363674206695548,0.1363674206695548,,,,,Percent Era (S3-27)
21,9,6,Alek Skarlatos,Alexa PenaVega,Alexa PenaVega; Tamar Braxton,False,0.1677198632816913,0.1403642401813873,0.1677198632816913,0.1403642401813873,0.02735562310030401,Percentage,Percent Era (S3-27)
21,10,4,Nick Carter,Nick Carter,,True,0.2454782957110435,0.2454782957110435,,,,,Percent Era (S3-27)
21,11,4,Alek Skarlatos,Alek Skarlatos,Carlos PenaVega,True,0.2554843278982472,0.2554843278982472,,,,,Percent Era (S3-27)
22,1,12,Geraldo Rivera,Geraldo Rivera,,True,0.0548523206751054,0.0548523206751054,,,,,Percent Era (S3-27)
22,2,12,Geraldo Rivera,Geraldo Rivera,Geraldo Rivera,True,0.0549253110223312,0.0549253110223312,,,,,Percent Era (S3-27)
22,3,11,Mischa Barton,Mischa Barton,Mischa Barton,True,0.0720074217523598,0.0720074217523598,,,,,Percent Era (S3-27)
22,4,10,Doug Flutie,Doug Flutie,Marla Maples,True,0.0941247856431809,0.0941247856431809,,,,,Percent Era (S3-27)
22,5,9,Antonio Brown,Antonio Brown,,True,0.1042192436605883,0.1042192436605883,,,,,Percent Era (S3-27)
22,6,9,Doug Flutie,Doug Flutie,Doug Flutie,True,0.0989371608500153,0.0989371608500153,,,,,Percent Era (S3-27)
22,7,8,Antonio Brown,Kim Fields,Kim Fields; Von Miller,False,0.1211917793483393,0.118507818932114,0.1211917793483393,0.118507818932114,0.0026839604162253033,Percentage,Percent Era (S3-27)
22,8,6,Antonio Brown,Wanya Morris,Jodie Sweetin,False,0.1650801227526808,0.176914442279308,0.1650801227526808,0.176914442279308,-0.011834319526627196,Rank,Percent Era (S3-27)
22,9,5,Antonio Brown,Antonio Brown,Antonio Brown; Wanya Morris,True,0.192935819463741,0.192935819463741,,,,,Percent Era (S3-27)
22,10,3,Ginger Zee,Ginger Zee,,True,0.3346125459266696,0.3346125459266696,,,,,Percent Era (S3-27)
23,1,13,Rick Perry,Rick Perry,Jana Kramer; Terra Jole,True,0.0606060606060606,0.0606060606060606,,,,,Percent Era (S3-27)
23,2,13,Rick Perry,Rick Perry,Jake T. Austin,True,0.0670455229248165,0.0670455229248165,,,,,Percent Era (S3-27)
23,3,12,Rick Perry,Rick Perry,Rick Perry,True,0.0712152708283704,0.0712152708283704,,,,,Percent Era (S3-27)
23,4,11,Babyface,Babyface,Babyface; Vanilla Ice,True,0.082651845382954,0.082651845382954,,,,,Percent Era (S3-27)
23,5,9,Amber Rose,Ryan Lochte,,False,0.1028552171793414,0.1027535476279073,0.1028552171793414,0.1027535476279073,0.00010166955143410539,Percentage,Percent Era (S3-27)
23,6,9,Amber Rose,Amber Rose,Amber Rose,True,0.0991721845985243,0.0991721845985243,,,,,Percent Era (S3-27)
23,7,8,Ryan Lochte,Ryan Lochte,Maureen McCormick,True,0.1155297216593919,0.1155297216593919,,,,,Percent Era (S3-27)
23,8,7,Terra Jole,Ryan Lochte,Ryan Lochte,False,0.1322088602137427,0.122139631180823,0.1322088602137427,0.122139631180823,0.010069229032919708,Percentage,Percent Era (S3-27)
23,9,6,Marilu Henner,Marilu Henner,Marilu Henner,True,0.1569554315569216,0.1569554315569216,,,,,Percent Era (S3-27)
23,10,5,Calvin Johnson Jr.,Calvin Johnson Jr.,Terra Jole,True,0.200085257621313,0.200085257621313,,,,,Percent Era (S3-27)
23,11,4,Jana Kramer,Jana Kramer,Jana Kramer,True,0.241945424266511,0.241945424266511,,,,,Percent Era (S3-27)
24,1,12,Chris Kattan,Chris Kattan,,True,0.0562913907284768,0.0562913907284768,,,,,Percent Era (S3-27)
24,2,12,Chris Kattan,Chris Kattan,Chris Kattan,True,0.0598867694289381,0.0598867694289381,,,,,Percent Era (S3-27)
24,3,11,Mr. T,Mr. T,Charo,True,0.0744245610883891,0.0744245610883891,,,,,Percent Era (S3-27)
24,4,10,Mr. T,Mr. T,Mr. T,True,0.0822382609087202,0.0822382609087202,,,,,Percent Era (S3-27)
24,5,9,Erika Jayne,David Ross,Erika Jayne,False,0.0963860223203599,0.1062544433729914,0.0963860223203599,0.1062544433729914,-0.009868421052631512,Rank,Percent Era (S3-27)
24,6,8,Nick Viall,Nick Viall,Heather Morris,True,0.1266598936912987,0.1266598936912987,,,,,Percent Era (S3-27)
24,7,7,Nick Viall,David Ross,Nancy Kerrigan; Nick Viall,False,0.1329734204999519,0.1408785588398728,0.1329734204999519,0.1408785588398728,-0.007905138339920903,Rank,Percent Era (S3-27)
24,8,5,Bonner Bolton,Bonner Bolton,Bonner Bolton,True,0.1855304174962578,0.1855304174962578,,,,,Percent Era (S3-27)
24,9,4,Normani,David Ross,Simone Biles,False,0.2595574206104908,0.2602654396187084,0.2595574206104908,0.2602654396187084,-0.0007080190082175974,Rank,Percent Era (S3-27)
24,10,3,David Ross,David Ross,,True,0.3295494055756336,0.3295494055756336,,,,,Percent Era (S3-27)
25,1,13,Barbara Corcoran,Barbara Corcoran,Drew Scott,True,0.0585774058577405,0.0585774058577405,,,,,Percent Era (S3-27)
25,2,13,Barbara Corcoran,Barbara Corcoran,Barbara Corcoran; Debbie Gibson,True,0.0597707174335163,0.0597707174335163,,,,,Percent Era (S3-27)
25,3,11,Terrell Owens,Sasha Pieterse,,False,0.0827776308154768,0.0852353624317357,0.0827776308154768,0.0852353624317357,-0.002457731616258896,Rank,Percent Era (S3-27)
25,4,11,Derek Fisher,Derek Fisher,Derek Fisher,True,0.0823039004656627,0.0823039004656627,,,,,Percent Era (S3-27)
25,5,10,Sasha Pieterse,Sasha Pieterse,Sasha Pieterse,True,0.0881409800486666,0.0881409800486666,,,,,Percent Era (S3-27)
25,6,9,Nick Lachey,Nick Lachey,Nick Lachey,True,0.0983706935171216,0.0983706935171216,,,,,Percent Era (S3-27)
25,7,8,Nikki Bella,Nikki Bella,Nikki Bella; Vanessa Lachey,True,0.1198531369826053,0.1198531369826053,,,,,Percent Era (S3-27)
25,8,6,Drew Scott,Victoria Arlen,Terrell Owens,False,0.1650917091326426,0.1618968209537288,0.1650917091326426,0.1618968209537288,0.0031948881789138073,Percentage,Percent Era (S3-27)
25,9,5,Victoria Arlen,Victoria Arlen,Victoria Arlen,True,0.1772979883976659,0.1772979883976659,,,,,Percent Era (S3-27)
25,10,4,Drew Scott,Drew Scott,Drew Scott,True,0.2476103516603183,0.2476103516603183,,,,,Percent Era (S3-27)
26,1,10,Kareem Abdul-Jabbar,Jamie Anderson,Jamie Anderson; Johnny Damon,False,0.0889563875863395,0.0794325723778223,0.0889563875863395,0.0794325723778223,0.009523815208517208,Percentage,Percent Era (S3-27)
26,2,8,Kareem Abdul-Jabbar,Kareem Abdul-Jabbar,Kareem Abdul-Jabbar; Arike Ogunbowale,True,0.1076762642794998,0.1076762642794998,,,,,Percent Era (S3-27)
26,3,6,Jennie Finch Daigle,Jennie Finch Daigle,Jennie Finch Daigle; Chris Mazdzer; Mirai Nagasu,True,0.1538221291432512,0.1538221291432512,,,,,Percent Era (S3-27)
26,4,3,Tonya Harding,Tonya Harding,,True,0.3233224415139576,0.3233224415139576,,,,,Percent Era (S3-27)
27,1,13,Joe Amabile,Nikki Glaser,Nikki Glaser,False,0.0686323068864062,0.0549068166903277,0.0686323068864062,0.0549068166903277,0.0137254901960785,Percentage,Percent Era (S3-27)
27,2,12,Joe Amabile,Joe Amabile,Danelle Umstead,True,0.0731358809180606,0.0731358809180606,,,,,Percent Era (S3-27)
27,3,11,John Schneider,Nancy McKeon,Nancy McKeon,False,0.080493938688978,0.0717979483829007,0.080493938688978,0.0717979483829007,0.008695990306077303,Percentage,Percent Era (S3-27)
27,4,10,Bobby Bones,Tinashe,Tinashe,False,0.0951551661955136,0.0692930972299964,0.0951551661955136,0.0692930972299964,0.02586206896551721,Percentage,Percent Era (S3-27)
27,5,9,Bobby Bones,Joe Amabile,,False,0.0996913112367794,0.1091228356177611,0.0996913112367794,0.1091228356177611,-0.009431524380981687,Rank,Percent Era (S3-27)
27,6,9,Joe Amabile,Bobby Bones,Mary Lou Retton,False,0.1047720647680045,0.09922138852178,0.1047720647680045,0.09922138852178,0.0055506762462245035,Percentage,Percent Era (S3-27)
27,7,8,Bobby Bones,Bobby Bones,John Schneider; DeMarcus Ware,True,0.1165459544527428,0.1165459544527428,,,,,Percent Era (S3-27)
27,8,6,Joe Amabile,Joe Amabile,Juan Pablo Di Pace; Joe Amabile,True,0.1605742561873809,0.1605742561873809,,,,,Percent Era (S3-27)
27,9,4,Alexis Ren,Bobby Bones,,False,0.2452248856653877,0.2548899106658963,0.2452248856653877,0.2548899106658963,-0.009665025000508587,Rank,Percent Era (S3-27)
28,1,12,Lamar Odom,Lamar Odom,James Van Der Beek,True,0.0098279820065103,0.0098279820065103,,,,,Bottom-2 Era (S28-34)
28,2,12,Mary Wilson,Lamar Odom,Ray Lewis; Mary Wilson,False,0.0098279820065103,0.017907750783962,0.0098279820065103,0.017907750783962,-0.0080797687774517,Rank,Bottom-2 Era (S28-34)
28,3,10,Lamar Odom,Lamar Odom,,True,0.0247443912484715,0.0247443912484715,,,,,Bottom-2 Era (S28-34)
28,4,10,Lamar Odom,Lamar Odom,Lamar Odom,True,0.0183310958965449,0.0183310958965449,,,,,Bottom-2 Era (S28-34)
28,5,9,Sean Spicer,Sean Spicer,,True,0.0459291521913246,0.0459291521913246,,,,,Bottom-2 Era (S28-34)
28,6,9,Hannah Brown,Sailor Brinkley-Cook,Sailor Brinkley-Cook,False,0.0619978706099581,0.0252064531585323,0.0619978706099581,0.0252064531585323,0.036791417451425806,Percentage,Bottom-2 Era (S28-34)
28,7,8,Karamo Brown,Karamo Brown,Karamo Brown,True,0.0349049836388899,0.0349049836388899,,,,,Bottom-2 Era (S28-34)
28,8,7,Kate Flannery,Kate Flannery,Kate Flannery,True,0.0488208920308237,0.0488208920308237,,,,,Bottom-2 Era (S28-34)
28,9,6,Sean Spicer,Sean Spicer,Sean Spicer,True,0.0692838084324915,0.0692838084324915,,,,,Bottom-2 Era (S28-34)
28,10,5,James Van Der Beek,James Van Der Beek,James Van Der Beek,True,0.1004853680234095,0.1004853680234095,,,,,Bottom-2 Era (S28-34)
28,11,4,Hannah Brown,Ally Brooke,,False,0.2747638726821303,0.1507936105062107,0.2747638726821303,0.1507936105062107,0.12397026217591961,Percentage,Bottom-2 Era (S28-34)
29,1,15,Carole Baskin,Carole Baskin,Skai Jackson; Johnny Weir,True,0.0039302413194475,0.0039302413194475,,,,,Bottom-2 Era (S28-34)
29,2,15,Charles Oakley,Charles Oakley,Charles Oakley,True,0.0039302413194475,0.0039302413194475,,,,,Bottom-2 Era (S28-34)
29,3,14,Carole Baskin,Carole Baskin,Carole Baskin,True,0.0053262041284971,0.0053262041284971,,,,,Bottom-2 Era (S28-34)
29,4,13,Anne Heche,Anne Heche,Anne Heche,True,0.0072281220070748,0.0072281220070748,,,,,Bottom-2 Era (S28-34)
29,5,12,Jesse Metcalfe,Jesse Metcalfe,Jesse Metcalfe,True,0.0098279820065103,0.0098279820065103,,,,,Bottom-2 Era (S28-34)
29,6,11,Veron Davis,Veron Davis,Veron Davis,True,0.0133980640041412,0.0133980640041412,,,,,Bottom-2 Era (S28-34)
29,7,10,Monica Aldama,Monica Aldama,Monica Aldama; Jeannie Mai,True,0.0183310958965449,0.0183310958965449,,,,,Bottom-2 Era (S28-34)
29,8,8,Chrishell Stause,Chrishell Stause,Chrishell Stause,True,0.0349049836388899,0.0349049836388899,,,,,Bottom-2 Era (S28-34)
29,9,7,AJ McLean,AJ McLean,AJ McLean,True,0.0488208920308237,0.0488208920308237,,,,,Bottom-2 Era (S28-34)
29,10,6,Skai Jackson,Skai Jackson,Skai Jackson; Johnny Weir,True,0.0692838084324915,0.0692838084324915,,,,,Bottom-2 Era (S28-34)
29,11,4,Nev Schulman,Nev Schulman,,True,0.1507936105062107,0.1507936105062107,,,,,Bottom-2 Era (S28-34)
30,1,15,Martin Kove,Martin Kove,,True,0.0039302413194475,0.0039302413194475,,,,,Bottom-2 Era (S28-34)
30,2,15,Martin Kove,Martin Kove,Martin Kove,True,0.0039302413194475,0.0039302413194475,,,,,Bottom-2 Era (S28-34)
30,3,14,Iman Shumpert,Christine Chiu,Christine Chiu,False,0.0131003482451084,0.0053262041284971,0.0131003482451084,0.0053262041284971,0.0077741441166113,Percentage,Bottom-2 Era (S28-34)
30,4,13,Brian Austin Green,Brian Austin Green,Brian Austin Green; Matt James,True,0.0072281220070748,0.0072281220070748,,,,,Bottom-2 Era (S28-34)
30,5,11,Melanie C,Melanie C,Melanie C,True,0.0133980640041412,0.0133980640041412,,,,,Bottom-2 Era (S28-34)
30,6,10,Kenya Moore,Kenya Moore,Kenya Moore,True,0.0183310958965449,0.0183310958965449,,,,,Bottom-2 Era (S28-34)
30,7,9,"Mike ""The Miz"" Mizanin","Mike ""The Miz"" Mizanin","Mike ""The Miz"" Mizanin",True,0.0252064531585323,0.0252064531585323,,,,,Bottom-2 Era (S28-34)
30,8,8,Jimmie Allen,Jimmie Allen,Jimmie Allen; Olivia Jade,True,0.0349049836388899,0.0349049836388899,,,,,Bottom-2 Era (S28-34)
30,9,6,Melora Hardin,Melora Hardin,Melora Hardin; Suni Lee,True,0.0692838084324915,0.0692838084324915,,,,,Bottom-2 Era (S28-34)
30,10,4,Amanda Kloots,JoJo Siwa,,False,0.2035500832679938,0.1507936105062107,0.2035500832679938,0.1507936105062107,0.05275647276178308,Percentage,Bottom-2 Era (S28-34)
31,1,16,Jason Lewis,Vinny Guadagnino,Jason Lewis,False,0.0029031416103227,0.005289868908365,0.0029031416103227,0.005289868908365,-0.0023867272980423,Rank,Bottom-2 Era (S28-34)
31,2,15,Teresa Giudice,Teresa Giudice,Teresa Giudice,True,0.0039302413194475,0.0039302413194475,,,,,Bottom-2 Era (S28-34)
31,3,14,Cheryl Ladd,Cheryl Ladd,Cheryl Ladd,True,0.0053262041284971,0.0053262041284971,,,,,Bottom-2 Era (S28-34)
31,4,13,Sam Champion,Sam Champion,Sam Champion,True,0.0072281220070748,0.0072281220070748,,,,,Bottom-2 Era (S28-34)
31,5,12,Joseph Baena,Joseph Baena,Selma Blair; Joseph Baena,True,0.0098279820065103,0.0098279820065103,,,,,Bottom-2 Era (S28-34)
31,6,10,Jessie James Decker,Jessie James Decker,Jessie James Decker,True,0.0183310958965449,0.0183310958965449,,,,,Bottom-2 Era (S28-34)
31,7,9,Jordin Sparks,Jordin Sparks,Jordin Sparks,True,0.0252064531585323,0.0252064531585323,,,,,Bottom-2 Era (S28-34)
31,8,8,Heidi D'Amelio,Heidi D'Amelio,Heidi D'Amelio; Vinny Guadagnino,True,0.0349049836388899,0.0349049836388899,,,,,Bottom-2 Era (S28-34)
31,9,6,Trevor Donovan,Trevor Donovan,Trevor Donovan; Daniel Durant,True,0.0692838084324915,0.0692838084324915,,,,,Bottom-2 Era (S28-34)
31,10,4,Shangela,Charli D'Amelio,,False,0.2747638726821303,0.1507936105062107,0.2747638726821303,0.1507936105062107,0.12397026217591961,Percentage,Bottom-2 Era (S28-34)
32,1,14,Harry Jowsey,Matt Walsh,Matt Walsh,False,0.0097049766772521,0.0053262041284971,0.0097049766772521,0.0053262041284971,0.004378772548755,Percentage,Bottom-2 Era (S28-34)
32,2,13,Harry Jowsey,Jamie Lynn Spears,Jamie Lynn Spears,False,0.0177783113764233,0.0072281220070748,0.0177783113764233,0.0072281220070748,0.010550189369348501,Percentage,Bottom-2 Era (S28-34)
32,3,12,Tyson Beckford,Tyson Beckford,Tyson Beckford,True,0.0098279820065103,0.0098279820065103,,,,,Bottom-2 Era (S28-34)
32,4,11,Adrian Peterson,Adrian Peterson,Adrian Peterson,True,0.0133980640041412,0.0133980640041412,,,,,Bottom-2 Era (S28-34)
32,5,10,Mira Sorvino,Mira Sorvino,Mira Sorvino,True,0.0183310958965449,0.0183310958965449,,,,,Bottom-2 Era (S28-34)
32,6,9,Mauricio Umansky,Mauricio Umansky,Mauricio Umansky,True,0.0252064531585323,0.0252064531585323,,,,,Bottom-2 Era (S28-34)
32,7,8,Harry Jowsey,Lele Pons,Lele Pons,False,0.1158886268673208,0.0349049836388899,0.1158886268673208,0.0349049836388899,0.0809836432284309,Percentage,Bottom-2 Era (S28-34)
32,8,7,Barry Williams,Barry Williams,Barry Williams,True,0.0488208920308237,0.0488208920308237,,,,,Bottom-2 Era (S28-34)
32,9,6,Harry Jowsey,Harry Jowsey,Harry Jowsey,True,0.0692838084324915,0.0692838084324915,,,,,Bottom-2 Era (S28-34)
32,10,5,Jason Mraz,Jason Mraz,,True,0.1004853680234095,0.1004853680234095,,,,,Bottom-2 Era (S28-34)
32,11,5,Ariana Madix,Jason Mraz,,False,0.1356410590589154,0.1004853680234095,0.1356410590589154,0.1004853680234095,0.03515569103550591,Percentage,Bottom-2 Era (S28-34)
33,1,13,Eric Roberts,Eric Roberts,,True,0.0072281220070748,0.0072281220070748,,,,,Bottom-2 Era (S28-34)
33,2,13,Reginald VelJohnson,Reginald VelJohnson,Tori Spelling; Anna Delvey,True,0.0131704970006074,0.0131704970006074,,,,,Bottom-2 Era (S28-34)
33,3,11,Eric Roberts,Eric Roberts,Eric Roberts; Reginald VelJohnson,True,0.0133980640041412,0.0133980640041412,,,,,Bottom-2 Era (S28-34)
33,4,9,Brooks Nader,Brooks Nader,Brooks Nader,True,0.0252064531585323,0.0252064531585323,,,,,Bottom-2 Era (S28-34)
33,5,8,Phaedra Parks,Phaedra Parks,Phaedra Parks,True,0.0349049836388899,0.0349049836388899,,,,,Bottom-2 Era (S28-34)
33,6,7,Jenn Tran,Jenn Tran,Jenn Tran,True,0.0488208920308237,0.0488208920308237,,,,,Bottom-2 Era (S28-34)
33,7,6,Dwight Howard ,Dwight Howard ,Dwight Howard ,True,0.0692838084324915,0.0692838084324915,,,,,Bottom-2 Era (S28-34)
33,8,5,Danny Amendola,Chandler Kinney,,False,0.1356410590589154,0.1004853680234095,0.1356410590589154,0.1004853680234095,0.03515569103550591,Percentage,Bottom-2 Era (S28-34)
33,9,5,Danny Amendola,Chandler Kinney,,False,0.1356410590589154,0.1004853680234095,0.1356410590589154,0.1004853680234095,0.03515569103550591,Percentage,Bottom-2 Era (S28-34)
34,1,14,Andy Richter,Corey Feldman,Whitney Leavitt,False,0.0071896235537994,0.0053262041284971,0.0071896235537994,0.0053262041284971,0.0018634194253022993,Percentage,Bottom-2 Era (S28-34)
34,2,14,Corey Feldman,Corey Feldman,Corey Feldman; Baron Davis,True,0.0053262041284971,0.0053262041284971,,,,,Bottom-2 Era (S28-34)
34,3,12,Lauren Jauregui,Lauren Jauregui,Lauren Jauregui,True,0.0098279820065103,0.0098279820065103,,,,,Bottom-2 Era (S28-34)
34,4,11,Andy Richter,Andy Richter,Hilaria Baldwin,True,0.0329539199080656,0.0329539199080656,,,,,Bottom-2 Era (S28-34)
34,5,10,Andy Richter,Andy Richter,,True,0.0334014344648559,0.0334014344648559,,,,,Bottom-2 Era (S28-34)
34,6,10,Scott Hoying,Scott Hoying,Scott Hoying,True,0.0183310958965449,0.0183310958965449,,,,,Bottom-2 Era (S28-34)
34,7,9,Jen Affleck,Jen Affleck,Jen Affleck,True,0.0252064531585323,0.0252064531585323,,,,,Bottom-2 Era (S28-34)
34,8,8,Danielle Fishel,Danielle Fishel,Danielle Fishel,True,0.0349049836388899,0.0349049836388899,,,,,Bottom-2 Era (S28-34)
34,9,7,Andy Richter,Andy Richter,Andy Richter,True,0.0488208920308237,0.0488208920308237,,,,,Bottom-2 Era (S28-34)
34,10,6,Whitney Leavitt,Whitney Leavitt,Whitney Leavitt,True,0.0692838084324915,0.0692838084324915,,,,,Bottom-2 Era (S28-34)
34,11,5,Robert Irwin,Robert Irwin,,True,0.1004853680234095,0.1004853680234095,,,,,Bottom-2 Era (S28-34)
